-- phpMyAdmin SQL Dump
-- version 5.2.0
-- https://www.phpmyadmin.net/
--
-- 主机： localhost
-- 生成日期： 2023-07-04 09:40:20
-- 服务器版本： 8.0.24
-- PHP 版本： 8.1.13

SET SQL_MODE = "NO_AUTO_VALUE_ON_ZERO";
START TRANSACTION;
SET time_zone = "+00:00";


/*!40101 SET @OLD_CHARACTER_SET_CLIENT=@@CHARACTER_SET_CLIENT */;
/*!40101 SET @OLD_CHARACTER_SET_RESULTS=@@CHARACTER_SET_RESULTS */;
/*!40101 SET @OLD_COLLATION_CONNECTION=@@COLLATION_CONNECTION */;
/*!40101 SET NAMES utf8mb4 */;

--
-- 数据库： `depression_db`
--

-- --------------------------------------------------------

--
-- 表的结构 `age_depressed`
--

CREATE TABLE `age_depressed` (
  `age` text CHARACTER SET utf8mb4 COLLATE utf8mb4_general_ci,
  `total_depressed` int DEFAULT NULL
) ENGINE=InnoDB DEFAULT CHARSET=utf8mb4 COLLATE=utf8mb4_general_ci;

--
-- 转存表中的数据 `age_depressed`
--

INSERT INTO `age_depressed` (`age`, `total_depressed`) VALUES
('55-74', 1658443),
('15-24', 808542),
('35-54', 2452141),
('5-14', 52264),
('75+', 653118),
('25-34', 1123912);

-- --------------------------------------------------------

--
-- 表的结构 `countries_per_depression`
--

CREATE TABLE `countries_per_depression` (
  `country` text CHARACTER SET utf8mb4 COLLATE utf8mb4_general_ci,
  `average_depression_ratio` double DEFAULT NULL
) ENGINE=InnoDB DEFAULT CHARSET=utf8mb4 COLLATE=utf8mb4_general_ci;

--
-- 转存表中的数据 `countries_per_depression`
--

INSERT INTO `countries_per_depression` (`country`, `average_depression_ratio`) VALUES
('Latvia', 27.893939393939398),
('Kazakhstan', 31.86348484848486),
('Sri Lanka', 30.10400000000001),
('Slovenia', 27.507424242424246),
('Guyana', 30.300083333333337),
('Japan', 22.292121212121213),
('Suriname', 23.376893939393938),
('Estonia', 24.38439393939393),
('Belarus', 32.69145833333334),
('Serbia', 22.85765151515151),
('Lithuania', 40.04393939393939),
('Hungary', 29.950757575757592),
('Ukraine', 25.692575757575753),
('Russian Federation', 35.31545454545455),
('Republic of Korea', 35.325984848484836),
('Croatia', 22.890378787878774),
('Uruguay', 21.555000000000003),
('Bulgaria', 16.396439393939392),
('Singapore', 13.398863636363643),
('Belgium', 19.484545454545458),
('Austria', 20.063484848484848),
('Germany', 13.731060606060607),
('Cuba', 18.076212121212123),
('Trinidad and Tobago', 13.483257575757566),
('Czech Republic', 16.443409090909096),
('Poland', 15.328030303030303),
('Switzerland', 19.759924242424248),
('Luxembourg', 14.936969696969705),
('France', 19.08833333333335),
('Finland', 19.90265151515151),
('Denmark', 13.229318181818172),
('New Zealand', 13.223409090909087),
('Sweden', 13.173560606060603),
('Chile', 12.982878787878791),
('Slovakia', 10.955454545454542),
('Montenegro', 9.950249999999999),
('Mauritius', 9.797272727272729),
('United States', 12.459166666666665),
('Portugal', 11.593854166666672),
('Kyrgyzstan', 12.333560606060605),
('Argentina', 10.62984848484848),
('Canada', 11.073787878787885),
('Romania', 12.563787878787881),
('Iceland', 12.127575757575755),
('Norway', 11.756060606060602),
('El Salvador', 9.729015151515155),
('Australia', 11.502333333333334),
('Ireland', 10.93310606060606),
('Netherlands', 9.267424242424246),
('Nicaragua', 7.3950000000000005),
('Turkmenistan', 8.798712121212125),
('Saint Vincent and Grenadines', 6.878333333333332),
('Belize', 7.019772727272725),
('Costa Rica', 7.3139393939393935),
('Uzbekistan', 7.0157291666666675),
('Spain', 8.862348484848486),
('Aruba', 8.175151515151512),
('Seychelles', 8.622666666666667),
('Ecuador', 6.799848484848486),
('United Kingdom', 6.715303030303028),
('Thailand', 7.082083333333333),
('Israel', 7.803863636363634),
('Italy', 7.318181818181817),
('Puerto Rico', 8.651439393939393),
('Saint Lucia', 6.65975),
('Panama', 6.6456060606060605),
('Colombia', 6.563030303030303),
('San Marino', 3.38625),
('Brazil', 5.911136363636362),
('Greece', 3.413863636363635),
('Albania', 3.381666666666667),
('Guatemala', 3.245454545454546),
('Philippines', 2.7034259259259263),
('Malta', 6.335454545454547),
('Georgia', 3.502291666666668),
('Mexico', 5.043409090909091),
('Fiji', 4.401018518518518),
('Armenia', 3.0326851851851853),
('Paraguay', 4.777575757575756),
('Cyprus', 2.912083333333333),
('Bahrain', 2.587348484848484),
('Grenada', 2.5133333333333336),
('Turkey', 2.2075),
('Qatar', 2.328541666666666),
('Antigua and Barbuda', 1.094),
('Jamaica', 0.5071296296296296),
('Barbados', 1.0625757575757577),
('Azerbaijan', 2.0987499999999994),
('Bahamas', 1.3704545454545456),
('United Arab Emirates', 1.3179166666666662),
('Maldives', 1.469351851851852),
('Kuwait', 1.183787878787879),
('Kiribati', 0),
('South Africa', 1.0158333333333334),
('Oman', 1.04125);

-- --------------------------------------------------------

--
-- 表的结构 `gdp_per_section_depressed`
--

CREATE TABLE `gdp_per_section_depressed` (
  `gdp_per_section` text CHARACTER SET utf8mb4 COLLATE utf8mb4_general_ci,
  `number` double DEFAULT NULL
) ENGINE=InnoDB DEFAULT CHARSET=utf8mb4 COLLATE=utf8mb4_general_ci;

--
-- 转存表中的数据 `gdp_per_section_depressed`
--

INSERT INTO `gdp_per_section_depressed` (`gdp_per_section`, `number`) VALUES
('500-1000', 178063),
('300-500', 20016),
('>1000', 6549738),
('<300', 603);

-- --------------------------------------------------------

--
-- 表的结构 `global_year_depressed`
--

CREATE TABLE `global_year_depressed` (
  `year` text CHARACTER SET utf8mb4 COLLATE utf8mb4_general_ci,
  `total_depressed` double DEFAULT NULL
) ENGINE=InnoDB DEFAULT CHARSET=utf8mb4 COLLATE=utf8mb4_general_ci;

--
-- 转存表中的数据 `global_year_depressed`
--

INSERT INTO `global_year_depressed` (`year`, `total_depressed`) VALUES
('2010', 238702),
('2008', 235447),
('2011', 236484),
('2013', 223199),
('2000', 255832),
('2014', 222984),
('2015', 203640),
('2006', 233361),
('2005', 234375),
('2001', 250652),
('2007', 233408),
('2012', 230160),
('2004', 240861),
('2003', 256079),
('2002', 256095),
('2009', 243487);

-- --------------------------------------------------------

--
-- 表的结构 `hdi_depressed`
--

CREATE TABLE `hdi_depressed` (
  `HDI` text CHARACTER SET utf8mb4 COLLATE utf8mb4_general_ci NOT NULL,
  `total_depressed` int DEFAULT NULL
) ENGINE=InnoDB DEFAULT CHARSET=utf8mb4 COLLATE=utf8mb4_general_ci;

--
-- 转存表中的数据 `hdi_depressed`
--

INSERT INTO `hdi_depressed` (`HDI`, `total_depressed`) VALUES
('0.60-0.65', 39651),
('0.45-0.50', 158),
('0.50-0.55', 3853),
('0.55-0.60', 19954),
('0.80-0.85', 262279),
('0.65-0.70', 113755),
('0.70-0.75', 210866),
('0.75-0.80', 204378),
('0.90-0.95', 338500),
('0.85-0.90', 530630);

-- --------------------------------------------------------

--
-- 表的结构 `sex_depressed`
--

CREATE TABLE `sex_depressed` (
  `sex` text CHARACTER SET utf8mb4 COLLATE utf8mb4_general_ci,
  `sex_depressed` int DEFAULT NULL
) ENGINE=InnoDB DEFAULT CHARSET=utf8mb4 COLLATE=utf8mb4_general_ci;

--
-- 转存表中的数据 `sex_depressed`
--

INSERT INTO `sex_depressed` (`sex`, `sex_depressed`) VALUES
('male', 5188910),
('female', 1559510);

-- --------------------------------------------------------

--
-- 表的结构 `total_depressed_country`
--

CREATE TABLE `total_depressed_country` (
  `country` text CHARACTER SET utf8mb4 COLLATE utf8mb4_general_ci,
  `total_depressed_country` double DEFAULT NULL
) ENGINE=InnoDB DEFAULT CHARSET=utf8mb4 COLLATE=utf8mb4_general_ci;

--
-- 转存表中的数据 `total_depressed_country`
--

INSERT INTO `total_depressed_country` (`country`, `total_depressed_country`) VALUES
('Fiji', 304),
('Republic of Korea', 261730),
('Paraguay', 4783),
('Singapore', 10089),
('Guyana', 3426),
('Cabo Verde', 42),
('Kiribati', 53),
('Philippines', 21330),
('Sweden', 37795),
('Turkey', 10131),
('Maldives', 20),
('Germany', 291262),
('Dominica', 0),
('France', 329127),
('Sri Lanka', 55641),
('Greece', 12368),
('Slovakia', 13437),
('Macau', 27),
('San Marino', 4),
('Belgium', 62761),
('Argentina', 82219),
('Ecuador', 20660),
('Finland', 33677),
('Qatar', 574),
('Albania', 1970),
('Nicaragua', 2013),
('Kuwait', 966),
('Malta', 585),
('Belarus', 59892),
('Bahamas', 93),
('United States', 1034013),
('Croatia', 18429),
('Italy', 132060),
('Chile', 40895),
('Suriname', 2166),
('Puerto Rico', 9043),
('Lithuania', 28039),
('Norway', 16992),
('Turkmenistan', 8624),
('Spain', 100202),
('Cuba', 41418),
('Denmark', 15297),
('Barbados', 177),
('Russian Federation', 1209742),
('Ireland', 12574),
('Thailand', 110643),
('Panama', 3483),
('Ukraine', 319950),
('Saint Kitts and Nevis', 0),
('Iceland', 1108),
('Aruba', 101),
('Cyprus', 412),
('Oman', 33),
('Uruguay', 13138),
('Mexico', 111139),
('Israel', 11294),
('Estonia', 7034),
('Georgia', 3224),
('Montenegro', 472),
('Guatemala', 8149),
('Azerbaijan', 1656),
('Grenada', 38),
('Mongolia', 423),
('Armenia', 1905),
('Trinidad and Tobago', 4039),
('Switzerland', 26217),
('Jamaica', 184),
('Latvia', 12770),
('United Arab Emirates', 622),
('Canada', 107561),
('Saint Lucia', 230),
('Seychelles', 98),
('Kyrgyzstan', 13090),
('Uzbekistan', 34803),
('Czech Republic', 43687),
('Belize', 348),
('Brazil', 226613),
('Antigua and Barbuda', 11),
('Slovenia', 10615),
('Japan', 806902),
('Luxembourg', 1958),
('Bosnia and Herzegovina', 318),
('New Zealand', 14383),
('Poland', 139098),
('Portugal', 24061),
('Australia', 70111),
('Romania', 72777),
('Bulgaria', 36388),
('Saint Vincent and Grenadines', 124),
('Austria', 50073),
('Serbia', 24179),
('South Africa', 7321),
('Costa Rica', 6792),
('El Salvador', 11683),
('Colombia', 53080),
('Bahrain', 463),
('Kazakhstan', 101546),
('Hungary', 73891),
('Mauritius', 3894),
('United Kingdom', 136805),
('Netherlands', 50833);

-- --------------------------------------------------------

--
-- 表的结构 `year_country_depressed_per`
--

CREATE TABLE `year_country_depressed_per` (
  `year` text CHARACTER SET utf8mb4 COLLATE utf8mb4_general_ci,
  `country` text CHARACTER SET utf8mb4 COLLATE utf8mb4_general_ci,
  `total_depression_rate` double DEFAULT NULL
) ENGINE=InnoDB DEFAULT CHARSET=utf8mb4 COLLATE=utf8mb4_general_ci;

--
-- 转存表中的数据 `year_country_depressed_per`
--

INSERT INTO `year_country_depressed_per` (`year`, `country`, `total_depression_rate`) VALUES
('1986', 'Puerto Rico', 178.23000000000002),
('1987', 'Belize', 31.41),
('1986', 'Colombia', 50.11000000000001),
('1985', 'Uruguay', 178.61000000000004),
('1988', 'Costa Rica', 88.98000000000002),
('1988', 'Antigua and Barbuda', 0),
('1988', 'Jamaica', 4.2),
('1985', 'Japan', 300.46999999999997),
('1987', 'Spain', 122.13999999999999),
('1987', 'Brazil', 70.11999999999999),
('1985', 'Antigua and Barbuda', 0),
('1986', 'Republic of Korea', 143.31),
('1988', 'Ecuador', 75.28999999999999),
('1988', 'Argentina', 146.24),
('1986', 'United Kingdom', 112.01),
('1985', 'Puerto Rico', 154.60999999999999),
('1986', 'Japan', 323.55),
('1988', 'Japan', 284.71999999999997),
('1986', 'Costa Rica', 89.84),
('1985', 'Kuwait', 11.200000000000001),
('1985', 'Colombia', 62.559999999999995),
('1986', 'Antigua and Barbuda', 0),
('1987', 'Netherlands', 157.17000000000004),
('1987', 'Suriname', 251.69999999999996),
('1987', 'Bulgaria', 308.3999999999999),
('1985', 'Argentina', 134.47000000000003),
('1988', 'Finland', 354.03999999999996),
('1987', 'Iceland', 209.94),
('1986', 'Saint Lucia', 59.95),
('1986', 'United States', 191.65000000000003),
('1988', 'Australia', 179.32),
('1985', 'Republic of Korea', 146.64999999999998),
('1987', 'New Zealand', 210.51999999999998),
('1986', 'Ecuador', 76.54),
('1985', 'Costa Rica', 69.46),
('1988', 'Luxembourg', 211.50000000000003),
('1986', 'Argentina', 152.90000000000003),
('1986', 'Kuwait', 8.74),
('1987', 'Sweden', 230.91),
('1985', 'Luxembourg', 247.39),
('1985', 'Australia', 163.41),
('1987', 'Canada', 179.32999999999998),
('1988', 'France', 312.7200000000001),
('1986', 'Uruguay', 172.46999999999997),
('1987', 'Ireland', 95.42000000000002),
('1988', 'Austria', 357.64),
('1986', 'Saint Vincent and Grenadines', 0),
('1987', 'Norway', 191.56),
('1985', 'Saint Vincent and Grenadines', 32.79),
('1985', 'Dominica', 0),
('1986', 'France', 351.77000000000004),
('1988', 'Malta', 28.61),
('1986', 'Luxembourg', 183.05),
('1985', 'Malta', 8.76),
('1986', 'Australia', 175.79000000000002),
('1987', 'Albania', 31.849999999999998),
('1988', 'Greece', 60.12),
('1987', 'Thailand', 81.82),
('1988', 'Bahrain', 24.8),
('1987', 'Israel', 133.61),
('1985', 'Austria', 384.81),
('1986', 'Seychelles', 23.26),
('1987', 'Chile', 89.42),
('1986', 'Greece', 61.209999999999994),
('1985', 'Seychelles', 156.18000000000004),
('1987', 'Panama', 67.06),
('1985', 'Ecuador', 82.51999999999998),
('1988', 'Mauritius', 246.10999999999999),
('1986', 'Malta', 3.61),
('1985', 'Mauritius', 143.13),
('1986', 'Austria', 401.79999999999995),
('1987', 'Antigua and Barbuda', 0),
('1987', 'Trinidad and Tobago', 155.54000000000002),
('1988', 'Grenada', 46.800000000000004),
('1985', 'Bahamas', 4.76),
('1987', 'Colombia', 45.169999999999995),
('1987', 'Italy', 125.54),
('1986', 'Singapore', 324.61),
('1988', 'Barbados', 57.39),
('1985', 'France', 348.90000000000003),
('1986', 'Guatemala', 42.83999999999999),
('1988', 'Mexico', 42.22),
('1985', 'Singapore', 353.36000000000007),
('1987', 'Paraguay', 36.599999999999994),
('1986', 'Mauritius', 30.070000000000004),
('1985', 'Mexico', 38.169999999999995),
('1986', 'Barbados', 36.73),
('1987', 'Argentina', 144.98),
('1987', 'Turkmenistan', 173.60999999999999),
('1987', 'Jamaica', 7.780000000000001),
('1988', 'Guatemala', 47.239999999999995),
('1985', 'Bahrain', 20.119999999999997),
('1986', 'Spain', 119.83000000000001),
('1988', 'Belgium', 283.79999999999995),
('1987', 'Costa Rica', 85.56000000000002),
('1986', 'Mexico', 45.739999999999995),
('1987', 'Portugal', 171.32999999999998),
('1985', 'Spain', 114.93),
('1985', 'Greece', 58.169999999999995),
('1986', 'Belgium', 314.69),
('1987', 'Ukraine', 294.03999999999996),
('1985', 'Netherlands', 159.89),
('1986', 'Iceland', 215.09999999999997),
('1986', 'Sri Lanka', 529.8000000000002),
('1987', 'Australia', 188.82000000000005),
('1988', 'Brazil', 65.36000000000001),
('1988', 'Guyana', 91.92000000000002),
('1988', 'Netherlands', 147.59999999999997),
('1987', 'Ecuador', 62.53),
('1985', 'Barbados', 61.72),
('1987', 'Japan', 295.29),
('1986', 'Netherlands', 158.28000000000003),
('1985', 'Sri Lanka', 558.7200000000001),
('1987', 'Puerto Rico', 143.76),
('1985', 'Grenada', 25.08),
('1985', 'New Zealand', 153.64),
('1986', 'Ireland', 104.88000000000002),
('1986', 'Belize', 19.369999999999997),
('1988', 'New Zealand', 205.03),
('1986', 'Suriname', 211.99),
('1987', 'Austria', 405.88),
('1988', 'Bulgaria', 292.49000000000007),
('1988', 'Iceland', 167.98000000000002),
('1987', 'Bahamas', 13.59),
('1985', 'Belgium', 332.04),
('1988', 'Ireland', 113.24),
('1987', 'United Kingdom', 103.81),
('1986', 'Thailand', 71.91000000000001),
('1987', 'Republic of Korea', 128.23999999999998),
('1986', 'New Zealand', 178.67),
('1987', 'Finland', 347.35),
('1985', 'Iceland', 171.04999999999998),
('1985', 'Panama', 51.059999999999995),
('1985', 'Suriname', 470.84000000000003),
('1987', 'Kuwait', 11.47),
('1988', 'Canada', 175.38),
('1986', 'Brazil', 57.16000000000001),
('1988', 'Norway', 208.49999999999997),
('1986', 'Israel', 130.28000000000003),
('1987', 'United States', 191.65999999999997),
('1987', 'Saint Lucia', 141.42000000000002),
('1987', 'France', 331.03000000000003),
('1985', 'Brazil', 59.18),
('1986', 'Norway', 163.62),
('1985', 'Thailand', 82.54),
('1986', 'Bulgaria', 275.48),
('1985', 'Paraguay', 39.42),
('1987', 'Luxembourg', 243.24),
('1988', 'Panama', 60.19),
('1985', 'Ireland', 102.15999999999998),
('1987', 'Bahrain', 25.680000000000003),
('1986', 'Italy', 131.05),
('1988', 'Chile', 94.89999999999999),
('1988', 'Israel', 124.16),
('1986', 'Trinidad and Tobago', 123.13),
('1986', 'Panama', 60.91),
('1987', 'Uruguay', 164.43),
('1987', 'Saint Vincent and Grenadines', 0),
('1987', 'Greece', 63.059999999999995),
('1985', 'Trinidad and Tobago', 30.17),
('1985', 'Bulgaria', 303.11999999999995),
('1987', 'Malta', 18.87),
('1986', 'Canada', 190.10999999999999),
('1988', 'Portugal', 137.74999999999997),
('1985', 'Portugal', 164.82000000000002),
('1987', 'Barbados', 29.46),
('1985', 'Israel', 112.02999999999999),
('1986', 'Jamaica', 0.57),
('1988', 'Italy', 121.80999999999999),
('1988', 'Colombia', 50.64),
('1987', 'Guatemala', 57.919999999999995),
('1986', 'Paraguay', 26.759999999999998),
('1985', 'Canada', 166.46),
('1988', 'Albania', 32.46),
('1987', 'Seychelles', 60.72),
('1985', 'United Kingdom', 116.45),
('1987', 'Mauritius', 171.93999999999997),
('1986', 'Chile', 90.94),
('1987', 'Belgium', 327.76),
('1985', 'Italy', 133.4),
('1985', 'Chile', 108.91000000000003),
('1985', 'Jamaica', 9.040000000000001),
('1987', 'Mexico', 41.42999999999999),
('1985', 'United States', 184.72000000000006),
('1987', 'Singapore', 273.56),
('1986', 'Portugal', 165.52999999999997),
('1990', 'Uzbekistan', 129.35999999999999),
('1990', 'Saint Vincent and Grenadines', 72.06),
('1991', 'Antigua and Barbuda', 0),
('1990', 'Singapore', 272.03),
('1989', 'Panama', 55.290000000000006),
('1990', 'New Zealand', 186.57),
('1991', 'Argentina', 119.23999999999998),
('1989', 'Paraguay', 35.33),
('1990', 'Spain', 129.24),
('1990', 'Norway', 191.31000000000003),
('1990', 'Azerbaijan', 24.609999999999996),
('1991', 'Brazil', 68.34000000000002),
('1991', 'Armenia', 45.87000000000001),
('1989', 'Portugal', 130.32),
('1990', 'Suriname', 214.09),
('1990', 'Paraguay', 45.01),
('1989', 'Canada', 170.98),
('1991', 'Australia', 180.15000000000003),
('1991', 'Bulgaria', 268.94),
('1990', 'Sweden', 222.05000000000004),
('1990', 'Barbados', 121.22999999999999),
('1988', 'Uruguay', 164.46),
('1989', 'Puerto Rico', 169.53999999999996),
('1990', 'Ireland', 125.68000000000002),
('1991', 'Germany', 258.11),
('1990', 'Poland', 172.64),
('1989', 'Chile', 100.44),
('1989', 'Albania', 33.4),
('1990', 'Thailand', 95.91999999999999),
('1990', 'Israel', 122.25999999999999),
('1990', 'Belarus', 274.37),
('1991', 'Canada', 167.78000000000003),
('1991', 'Austria', 355.4700000000001),
('1989', 'Republic of Korea', 121.4),
('1991', 'Greece', 54.569999999999986),
('1990', 'Portugal', 150.21),
('1989', 'Colombia', 41.690000000000005),
('1990', 'Belgium', 277.10999999999996),
('1989', 'Antigua and Barbuda', 0),
('1991', 'Chile', 98.83000000000003),
('1991', 'Azerbaijan', 32.230000000000004),
('1988', 'Puerto Rico', 161.68999999999997),
('1991', 'Grenada', 0),
('1989', 'Romania', 157.77000000000004),
('1990', 'Puerto Rico', 181.58),
('1989', 'Costa Rica', 84.76999999999998),
('1990', 'Belize', 29.7),
('1989', 'Argentina', 138.93),
('1991', 'Colombia', 43.57),
('1988', 'Republic of Korea', 114.58000000000001),
('1991', 'Barbados', 76.92999999999999),
('1991', 'Guatemala', 33.519999999999996),
('1989', 'Russian Federation', 398.82),
('1990', 'Republic of Korea', 120.53),
('1989', 'Ireland', 110.55999999999999),
('1991', 'Belarus', 297.64000000000004),
('1991', 'Guyana', 232.84),
('1989', 'Saint Lucia', 88.91000000000001),
('1991', 'Poland', 180.27000000000004),
('1990', 'Italy', 121.98),
('1990', 'Czech Republic', 314.21999999999997),
('1990', 'Trinidad and Tobago', 186.38000000000005),
('1990', 'Brazil', 67.05999999999999),
('1991', 'Costa Rica', 61.72),
('1988', 'Saint Lucia', 182.20999999999995),
('1990', 'Jamaica', 1.32),
('1990', 'Ecuador', 60.48),
('1990', 'Bulgaria', 256.43),
('1990', 'Turkmenistan', 172.01),
('1991', 'Czech Republic', 292.01),
('1988', 'Singapore', 360.19),
('1989', 'Ecuador', 70.38),
('1989', 'Australia', 168.11),
('1991', 'Belgium', 264.02),
('1989', 'Israel', 170.31999999999996),
('1991', 'Hungary', 575.0000000000001),
('1989', 'Singapore', 354.11),
('1990', 'Romania', 125.91999999999999),
('1991', 'Portugal', 165.15999999999997),
('1989', 'Sweden', 238.33999999999995),
('1989', 'Finland', 373.36000000000007),
('1991', 'Belize', 23.93),
('1989', 'Austria', 359.32),
('1989', 'Italy', 116.63999999999997),
('1989', 'Spain', 126.49),
('1991', 'Puerto Rico', 184.81),
('1991', 'Iceland', 199.72999999999996),
('1990', 'Russian Federation', 399.17),
('1989', 'Trinidad and Tobago', 198.16),
('1989', 'Barbados', 73.58),
('1989', 'France', 312.53000000000003),
('1989', 'Jamaica', 0),
('1989', 'Suriname', 212.11999999999998),
('1991', 'Ireland', 126.52999999999999),
('1991', 'Republic of Korea', 116.18000000000002),
('1990', 'Japan', 246.37),
('1990', 'El Salvador', 184.46),
('1990', 'Ukraine', 296.70000000000005),
('1991', 'Israel', 139.34000000000003),
('1991', 'Romania', 133.38),
('1990', 'Saint Kitts and Nevis', 0),
('1989', 'Greece', 54.53),
('1989', 'Belgium', 284.8499999999999),
('1989', 'Turkmenistan', 135.33000000000004),
('1989', 'Japan', 263.41999999999996),
('1990', 'Kazakhstan', 334.11999999999995),
('1990', 'Finland', 396.22),
('1990', 'United Kingdom', 103.34000000000002),
('1991', 'Italy', 115.86999999999998),
('1991', 'Russian Federation', 396.3999999999999),
('1989', 'Grenada', 65.09),
('1990', 'Saint Lucia', 26.919999999999998),
('1988', 'Spain', 127.28),
('1990', 'Canada', 165.01999999999995),
('1991', 'Ecuador', 66.96),
('1991', 'Kazakhstan', 318.65999999999997),
('1989', 'Ukraine', 316.32),
('1989', 'Belize', 5.16),
('1989', 'Luxembourg', 261.32000000000005),
('1990', 'Kyrgyzstan', 247.07000000000002),
('1990', 'United States', 187.80000000000004),
('1990', 'France', 302.7300000000001),
('1991', 'Saint Kitts and Nevis', 0),
('1991', 'Jamaica', 0.9),
('1989', 'Guatemala', 35.230000000000004),
('1989', 'United Kingdom', 99.19000000000001),
('1989', 'Brazil', 64.02),
('1989', 'Malta', 89.96000000000002),
('1991', 'Saint Lucia', 104.09),
('1991', 'Japan', 234.51),
('1989', 'Guyana', 184.88000000000002),
('1989', 'Bulgaria', 292.19),
('1989', 'United States', 182.44),
('1989', 'Mauritius', 211.64000000000007),
('1991', 'Singapore', 229.38),
('1990', 'Luxembourg', 233.33999999999997),
('1990', 'Georgia', 64.42999999999999),
('1990', 'Uruguay', 180.67),
('1989', 'Iceland', 110.12),
('1990', 'Malta', 23.75),
('1989', 'Mexico', 48.25999999999999),
('1989', 'Uruguay', 196.45999999999998),
('1990', 'Germany', 259.45),
('1991', 'Spain', 121.84000000000002),
('1989', 'Netherlands', 136.01000000000002),
('1990', 'Antigua and Barbuda', 17.24),
('1991', 'Suriname', 215.46),
('1990', 'Mauritius', 163.17999999999998),
('1990', 'Greece', 51.489999999999995),
('1990', 'Argentina', 134.89999999999998),
('1989', 'New Zealand', 190.62),
('1991', 'Sweden', 217.54000000000002),
('1990', 'Mexico', 48.85),
('1990', 'Grenada', 24.75),
('1990', 'Armenia', 41.12),
('1989', 'Norway', 197.89000000000004),
('1990', 'Netherlands', 136.17000000000002),
('1990', 'Guatemala', 34.07000000000001),
('1990', 'Australia', 172.34999999999997),
('1991', 'El Salvador', 171.29999999999998),
('1990', 'Chile', 91.86),
('1988', 'Suriname', 209.72000000000006),
('1991', 'Kiribati', 181.54),
('1990', 'Guyana', 177.06000000000003),
('1990', 'Austria', 353.78),
('1990', 'Iceland', 180.31000000000003),
('1990', 'Colombia', 43.42999999999999),
('1988', 'Sweden', 231.67),
('1991', 'Finland', 377.5799999999999),
('1991', 'Kyrgyzstan', 246.59),
('1990', 'Costa Rica', 93.27000000000002),
('1988', 'Trinidad and Tobago', 228.74999999999997),
('1991', 'France', 298.1),
('1991', 'Luxembourg', 280.83000000000004),
('1991', 'Malta', 30.340000000000003),
('1988', 'Turkmenistan', 162.45),
('1991', 'Georgia', 53.05),
('1991', 'Mauritius', 196.79000000000002),
('1988', 'Ukraine', 286.72),
('1988', 'United Kingdom', 114.55),
('1991', 'Mexico', 47.69),
('1988', 'United States', 187.71000000000004),
('1991', 'Netherlands', 150.49),
('1991', 'New Zealand', 175.48),
('1991', 'Norway', 194.82000000000002),
('1991', 'Paraguay', 27.140000000000004),
('1992', 'Australia', 170.64000000000004),
('1991', 'Thailand', 86.46),
('1991', 'Trinidad and Tobago', 153.53999999999996),
('1992', 'Austria', 341.74000000000007),
('1991', 'Turkmenistan', 126.94000000000001),
('1992', 'Azerbaijan', 34.78000000000001),
('1992', 'Barbados', 63.53000000000001),
('1991', 'Ukraine', 297.91),
('1992', 'Saint Kitts and Nevis', 0),
('1991', 'United Kingdom', 98.80000000000001),
('1992', 'Belarus', 314.24000000000007),
('1993', 'Belarus', 365.11),
('1991', 'United States', 183.76999999999998),
('1992', 'Saint Lucia', 98.11),
('1992', 'Belgium', 265.88),
('1993', 'Belgium', 300.46999999999997),
('1991', 'Uzbekistan', 124.17999999999999),
('1992', 'Singapore', 205.42),
('1993', 'El Salvador', 123.69),
('1992', 'Hungary', 570.26),
('1992', 'Brazil', 64.92),
('1993', 'Belize', 6.49),
('1992', 'Iceland', 122.89000000000001),
('1992', 'Bulgaria', 310.5999999999999),
('1993', 'Brazil', 67.86),
('1992', 'Canada', 163.6),
('1993', 'Bulgaria', 278.36000000000007),
('1992', 'Albania', 18.000000000000004),
('1993', 'Finland', 333),
('1992', 'Slovakia', 214.23000000000002),
('1992', 'Ireland', 137.87),
('1992', 'Chile', 78.88),
('1993', 'Canada', 164.01999999999998),
('1992', 'Antigua and Barbuda', 0),
('1993', 'France', 312.69),
('1992', 'Spain', 119.00999999999998),
('1992', 'Israel', 130.95),
('1993', 'Israel', 137.23),
('1992', 'Mauritius', 198.99),
('1992', 'Colombia', 49.480000000000004),
('1993', 'Chile', 103.18000000000002),
('1992', 'Argentina', 126.86000000000003),
('1992', 'Italy', 115.47999999999999),
('1992', 'Suriname', 137.96),
('1993', 'Germany', 235.50000000000003),
('1993', 'Italy', 121.14000000000001),
('1992', 'Costa Rica', 72.54),
('1992', 'Mexico', 52.07000000000001),
('1993', 'Colombia', 49.230000000000004),
('1992', 'Armenia', 40.86000000000001),
('1992', 'Japan', 240.28000000000003),
('1992', 'Sweden', 200.77999999999997),
('1993', 'Greece', 53.1),
('1993', 'Japan', 224.09999999999997),
('1993', 'Grenada', 34.21),
('1992', 'Thailand', 83.1),
('1993', 'Costa Rica', 98.83),
('1993', 'Kazakhstan', 376.49000000000007),
('1993', 'Guatemala', 31.17),
('1992', 'Trinidad and Tobago', 194.39000000000001),
('1993', 'Cuba', 392.92999999999995),
('1993', 'Kiribati', 204.22),
('1993', 'Czech Republic', 297.64),
('1992', 'Turkmenistan', 111.85),
('1993', 'Guyana', 116.81),
('1993', 'Kuwait', 13.009999999999998),
('1994', 'Germany', 230.79),
('1993', 'Ecuador', 70.91000000000001),
('1993', 'Kyrgyzstan', 258.78999999999996),
('1993', 'Hungary', 539.2799999999999),
('1992', 'Ukraine', 322.49000000000007),
('1994', 'Canada', 161.91000000000003),
('1992', 'Kazakhstan', 323.53),
('1992', 'Netherlands', 143.49),
('1994', 'Greece', 46.84),
('1993', 'Luxembourg', 207.95999999999998),
('1994', 'Chile', 95.33999999999999),
('1993', 'Iceland', 109.02),
('1994', 'Grenada', 60.82),
('1993', 'Malta', 47.540000000000006),
('1994', 'Colombia', 55.949999999999996),
('1993', 'Ireland', 117.15),
('1994', 'Guatemala', 25.9),
('1993', 'Mauritius', 174.99000000000004),
('1994', 'Costa Rica', 80.78999999999999),
('1994', 'Guyana', 162.20000000000002),
('1993', 'Mexico', 52),
('1994', 'Cuba', 363.31),
('1994', 'Hungary', 535.81),
('1993', 'Netherlands', 135.98),
('1992', 'Kiribati', 81.78),
('1992', 'New Zealand', 183.59),
('1994', 'Czech Republic', 293.28000000000003),
('1994', 'Iceland', 125.43999999999998),
('1994', 'Denmark', 253.22000000000003),
('1994', 'Ireland', 142.82),
('1994', 'Ecuador', 67.67),
('1994', 'Israel', 149.89),
('1994', 'Italy', 118.92999999999999),
('1994', 'Finland', 330.24),
('1994', 'Japan', 228.95000000000002),
('1992', 'Kyrgyzstan', 221.41999999999996),
('1992', 'Norway', 181.64000000000001),
('1994', 'France', 299.94999999999993),
('1994', 'Kazakhstan', 414.68000000000006),
('1992', 'Luxembourg', 228.37000000000003),
('1992', 'Cuba', 369.71),
('1994', 'Georgia', 37.300000000000004),
('1992', 'Philippines', 9.81),
('1992', 'Czech Republic', 303.21),
('1992', 'United Kingdom', 98.75),
('1992', 'Ecuador', 75.80000000000001),
('1992', 'United States', 177.77),
('1992', 'El Salvador', 120.61999999999999),
('1992', 'Malta', 87.13999999999999),
('1994', 'Argentina', 122.05),
('1992', 'Poland', 194.43000000000004),
('1992', 'Uzbekistan', 111.28999999999999),
('1993', 'New Zealand', 163.98000000000002),
('1993', 'Spain', 120.85),
('1992', 'Finland', 349.87),
('1993', 'Albania', 32.56),
('1993', 'Norway', 178.05),
('1993', 'Sweden', 200.97000000000003),
('1992', 'France', 301.47),
('1993', 'Antigua and Barbuda', 15),
('1993', 'Philippines', 21.97),
('1993', 'Trinidad and Tobago', 161.52999999999997),
('1992', 'Georgia', 60.47999999999999),
('1993', 'Argentina', 134.77),
('1993', 'Poland', 187.85000000000002),
('1993', 'Turkmenistan', 115.42999999999999),
('1993', 'Armenia', 51.050000000000004),
('1993', 'Portugal', 125.83),
('1992', 'Germany', 250.04000000000002),
('1993', 'Ukraine', 352.11),
('1993', 'Australia', 154.94999999999996),
('1993', 'Puerto Rico', 151.25),
('1992', 'Greece', 48.93000000000001),
('1994', 'Armenia', 66.73),
('1992', 'Portugal', 148.3),
('1994', 'Australia', 167.75),
('1992', 'Puerto Rico', 135.30999999999997),
('1993', 'United Kingdom', 96.85),
('1993', 'Austria', 347.9599999999999),
('1993', 'Republic of Korea', 159.48000000000002),
('1994', 'Kiribati', 150.4),
('1992', 'Grenada', 0),
('1994', 'Austria', 343.61999999999995),
('1992', 'Republic of Korea', 127.39),
('1993', 'Azerbaijan', 31.519999999999996),
('1993', 'Romania', 162.07),
('1993', 'United States', 179.11999999999998),
('1994', 'Kuwait', 18.47),
('1994', 'Azerbaijan', 12.040000000000001),
('1992', 'Guatemala', 38.25),
('1994', 'Bahamas', 10.6),
('1993', 'Russian Federation', 522.0600000000001),
('1993', 'Uruguay', 223.02),
('1994', 'Thailand', 56.27000000000001),
('1994', 'Kyrgyzstan', 254.30999999999997),
('1993', 'Bahamas', 37.51),
('1995', 'Aruba', 308.51),
('1994', 'Poland', 185.95999999999998),
('1992', 'Guyana', 182.15),
('1992', 'Romania', 164.18),
('1994', 'Trinidad and Tobago', 159.4),
('1995', 'Australia', 155.19),
('1994', 'Barbados', 67.08),
('1992', 'Russian Federation', 437.47999999999996),
('1994', 'Portugal', 123.82000000000001),
('1993', 'Saint Lucia', 75.28),
('1993', 'Uzbekistan', 111.76),
('1994', 'Luxembourg', 277.24000000000007),
('1993', 'Barbados', 90.93),
('1994', 'Turkmenistan', 116.91999999999999),
('1993', 'Singapore', 235.14000000000004),
('1994', 'Albania', 32.18000000000001),
('1994', 'Macau', 171.74000000000004),
('1995', 'Austria', 348.0899999999999),
('1994', 'Puerto Rico', 147.27999999999994),
('1994', 'Belarus', 403.58),
('1994', 'Ukraine', 384.29),
('1994', 'Republic of Korea', 165.4),
('1995', 'Azerbaijan', 14.280000000000001),
('1994', 'United Kingdom', 94.76000000000002),
('1994', 'Belgium', 300.40000000000003),
('1994', 'Romania', 172.78000000000003),
('1995', 'Bahamas', 7.16),
('1993', 'Slovakia', 195.33999999999997),
('1994', 'Antigua and Barbuda', 0),
('1994', 'Malta', 64.69),
('1994', 'Belize', 164.73000000000002),
('1994', 'Russian Federation', 567.64),
('1995', 'Barbados', 72.28999999999999),
('1994', 'United States', 176.03000000000003),
('1995', 'Canada', 163.52),
('1994', 'Brazil', 71.51),
('1994', 'Uruguay', 214),
('1995', 'Belarus', 404.00999999999993),
('1994', 'Saint Lucia', 45.8),
('1995', 'Chile', 108.91),
('1994', 'Uzbekistan', 110.85),
('1994', 'Bulgaria', 288.39),
('1994', 'Mauritius', 154.65),
('1995', 'Colombia', 49.64),
('1995', 'Albania', 40.550000000000004),
('1995', 'Belgium', 285.90000000000003),
('1994', 'Singapore', 246.85000000000005),
('1995', 'Costa Rica', 79.17999999999999),
('1994', 'Mexico', 55.92),
('1995', 'Antigua and Barbuda', 0),
('1995', 'Belize', 143.96999999999997),
('1994', 'Slovakia', 185.04000000000005),
('1995', 'Argentina', 119.97),
('1995', 'Netherlands', 125.02000000000002),
('1994', 'Netherlands', 136.96),
('1995', 'Japan', 228.12999999999997),
('1995', 'Croatia', 305.53999999999996),
('1995', 'Armenia', 51.78999999999999),
('1995', 'New Zealand', 199.42000000000004),
('1994', 'New Zealand', 198.63),
('1995', 'Kazakhstan', 454.67),
('1995', 'Brazil', 75.23999999999998),
('1994', 'Spain', 124.32000000000001),
('1995', 'Saint Vincent and Grenadines', 85.41),
('1994', 'Norway', 150.53),
('1995', 'Kiribati', 56.71),
('1995', 'Cuba', 352.76000000000005),
('1994', 'Sweden', 195.69000000000003),
('1995', 'Bulgaria', 277.85),
('1995', 'Norway', 156.35),
('1995', 'Singapore', 282.76),
('1995', 'France', 292.61999999999995),
('1994', 'Paraguay', 44.459999999999994),
('1995', 'Paraguay', 40.330000000000005),
('1995', 'Kuwait', 12.74),
('1995', 'Kyrgyzstan', 239.76999999999998),
('1995', 'Slovakia', 198.69999999999993),
('1995', 'Georgia', 40.739999999999995),
('1995', 'Poland', 181.7),
('1995', 'Czech Republic', 264.4),
('1995', 'Latvia', 545.6199999999999),
('1995', 'Slovenia', 393.87000000000006),
('1995', 'Portugal', 128.93),
('1995', 'Puerto Rico', 120.87),
('1995', 'Spain', 123.81),
('1995', 'Lithuania', 639.3),
('1995', 'Denmark', 239.13000000000005),
('1995', 'Suriname', 182.52),
('1995', 'Qatar', 0),
('1995', 'Germany', 233.57999999999998),
('1995', 'Republic of Korea', 179.28000000000003),
('1995', 'Sweden', 191.72),
('1995', 'Ecuador', 68.22),
('1995', 'Greece', 49.68),
('1995', 'Romania', 156.18),
('1995', 'Luxembourg', 210.08),
('1995', 'Malta', 47.02),
('1995', 'Switzerland', 283.07000000000005),
('1995', 'Grenada', 51.95),
('1995', 'El Salvador', 159.19000000000003),
('1995', 'Russian Federation', 547.38),
('1995', 'Thailand', 93.52000000000001),
('1995', 'Guatemala', 34.13),
('1995', 'Estonia', 543.1899999999998),
('1995', 'Saint Lucia', 81.71000000000001),
('1995', 'Mauritius', 182.65),
('1995', 'Finland', 324.96000000000004),
('1995', 'Guyana', 208.72000000000003),
('1995', 'Trinidad and Tobago', 242.93),
('1995', 'Mexico', 59.089999999999996),
('1995', 'Turkmenistan', 90.44000000000001),
('1995', 'Hungary', 493.4200000000001),
('1995', 'Iceland', 129.66),
('1995', 'Ireland', 143.84),
('1995', 'Ukraine', 396.66999999999996),
('1996', 'Guyana', 128.31),
('1996', 'Hungary', 482.74),
('1995', 'United Kingdom', 92.34),
('1995', 'Israel', 127.42999999999998),
('1995', 'United States', 173.09000000000003),
('1995', 'Italy', 118.01000000000002),
('1996', 'Iceland', 177.35000000000002),
('1996', 'Belarus', 455.7099999999999),
('1995', 'Uruguay', 237.94),
('1996', 'Ireland', 145.54),
('1996', 'Belgium', 267.54),
('1996', 'Israel', 110.50999999999999),
('1996', 'Denmark', 229.55999999999997),
('1996', 'Lithuania', 595.61),
('1995', 'Uzbekistan', 111.3),
('1996', 'Belize', 61.290000000000006),
('1996', 'Italy', 115.45000000000002),
('1996', 'Albania', 43.62),
('1996', 'Brazil', 73.33),
('1996', 'Japan', 228.48000000000002),
('1996', 'Sri Lanka', 395.71000000000004),
('1996', 'Luxembourg', 229.25000000000006),
('1996', 'Argentina', 118.03),
('1996', 'Ecuador', 76.34000000000002),
('1996', 'Bulgaria', 296.20000000000005),
('1996', 'Kazakhstan', 452.84),
('1996', 'Portugal', 115.77000000000001),
('1996', 'Suriname', 84.27000000000001),
('1996', 'Malta', 47.43000000000001),
('1996', 'El Salvador', 145.16000000000003),
('1996', 'Canada', 162.89000000000001),
('1996', 'Kiribati', 77.35000000000001),
('1996', 'Sweden', 178.24000000000004),
('1996', 'Armenia', 37.050000000000004),
('1996', 'Puerto Rico', 139.81000000000003),
('1996', 'Chile', 95.71000000000001),
('1996', 'Kuwait', 18.330000000000002),
('1996', 'Australia', 175.33999999999997),
('1996', 'Republic of Korea', 216.98999999999998),
('1996', 'Switzerland', 279.89),
('1996', 'Romania', 159.98000000000002),
('1996', 'Colombia', 53.17),
('1996', 'Kyrgyzstan', 206.53999999999994),
('1996', 'Austria', 342.65),
('1997', 'Albania', 77.43),
('1996', 'Mauritius', 166.14),
('1997', 'Israel', 126.57999999999998),
('1996', 'Estonia', 528.72),
('1996', 'Thailand', 93.05),
('1997', 'Brazil', 76.80000000000001),
('1996', 'Latvia', 492.01000000000005),
('1996', 'Costa Rica', 94.86),
('1996', 'Trinidad and Tobago', 196.35999999999999),
('1996', 'Russian Federation', 526.2800000000001),
('1996', 'Azerbaijan', 17.830000000000002),
('1996', 'Croatia', 334.78999999999996),
('1996', 'Turkmenistan', 103.64000000000001),
('1996', 'Saint Lucia', 61.03000000000001),
('1996', 'Bahamas', 9.82),
('1996', 'Cuba', 316.2300000000001),
('1997', 'Argentina', 111.39999999999998),
('1997', 'Bulgaria', 276.36),
('1996', 'Mexico', 56.33),
('1997', 'Italy', 117.04000000000002),
('1996', 'Finland', 289.65),
('1996', 'Ukraine', 403.41999999999996),
('1996', 'Saint Vincent and Grenadines', 85.06),
('1996', 'Czech Republic', 243.48),
('1997', 'Estonia', 502.06),
('1997', 'Armenia', 32.23),
('1997', 'Canada', 151.43000000000004),
('1997', 'Japan', 237.38),
('1996', 'France', 271.21999999999997),
('1996', 'Netherlands', 135.07),
('1996', 'United Kingdom', 88.32000000000001),
('1997', 'Australia', 186.93000000000006),
('1996', 'Singapore', 208.93999999999997),
('1997', 'Chile', 100.13),
('1997', 'Finland', 310.35),
('1996', 'United States', 166.44999999999996),
('1996', 'New Zealand', 195.13),
('1997', 'Kazakhstan', 433.7400000000001),
('1997', 'Austria', 297.5000000000001),
('1996', 'Georgia', 59.7),
('1996', 'Norway', 153.93),
('1996', 'Uruguay', 187.92999999999998),
('1997', 'Kiribati', 76.06),
('1996', 'Germany', 216.42000000000002),
('1997', 'Colombia', 52.76999999999999),
('1997', 'Azerbaijan', 18.59),
('1996', 'Slovakia', 174.50000000000006),
('1997', 'France', 266.33),
('1996', 'Panama', 66.38000000000001),
('1996', 'Uzbekistan', 125.05999999999999),
('1997', 'Kuwait', 19.939999999999998),
('1997', 'Bahamas', 7.15),
('1997', 'Costa Rica', 80.63),
('1996', 'Greece', 45.13000000000001),
('1997', 'Croatia', 313.7),
('1997', 'Bahrain', 0),
('1996', 'Slovenia', 421.1099999999999),
('1997', 'Georgia', 60.650000000000006),
('1997', 'Cuba', 317.4),
('1997', 'Belarus', 446.49999999999994),
('1996', 'South Africa', 8.03),
('1997', 'Germany', 210.95999999999998),
('1997', 'Belgium', 284.73999999999995),
('1997', 'Czech Republic', 234.13000000000002),
('1996', 'Paraguay', 33.46),
('1997', 'Kyrgyzstan', 190.85),
('1996', 'Grenada', 11.96),
('1997', 'Denmark', 218.46),
('1997', 'Belize', 5.77),
('1997', 'Ecuador', 67.02),
('1997', 'Thailand', 86.37),
('1996', 'Poland', 178.20999999999998),
('1997', 'Latvia', 492.56999999999994),
('1996', 'Guatemala', 30.049999999999997),
('1996', 'Spain', 126.53),
('1997', 'Greece', 47.66),
('1997', 'Trinidad and Tobago', 189.39000000000001),
('1997', 'El Salvador', 140.00000000000003),
('1997', 'Guatemala', 26.51),
('1998', 'Australia', 176.41000000000003),
('1997', 'Turkmenistan', 100.97),
('1997', 'Ukraine', 395.67),
('1998', 'Austria', 289.38),
('1997', 'Guyana', 82.65000000000002),
('1998', 'Azerbaijan', 10.669999999999998),
('1997', 'United Kingdom', 88.77999999999999),
('1997', 'Hungary', 470.44000000000005),
('1997', 'Lithuania', 565.4400000000002),
('1997', 'United States', 161.95999999999998),
('1998', 'Bahamas', 11.09),
('1997', 'Iceland', 164.02000000000004),
('1997', 'Uruguay', 233.91),
('1997', 'Ireland', 156.15),
('1998', 'Bahrain', 0),
('1997', 'Mexico', 57.070000000000014),
('1997', 'Uzbekistan', 110.58),
('1998', 'Belarus', 455.64),
('1997', 'Luxembourg', 307.59999999999997),
('1997', 'Saint Lucia', 117.53999999999999),
('1997', 'Netherlands', 136.57),
('1998', 'Albania', 66.52),
('1997', 'Malta', 70.67999999999999),
('1998', 'Belgium', 264.73999999999995),
('1997', 'Saint Vincent and Grenadines', 30.019999999999996),
('1997', 'New Zealand', 198.28000000000003),
('1998', 'Antigua and Barbuda', 0),
('1998', 'Argentina', 116.92999999999998),
('1998', 'Belize', 81.77999999999999),
('1997', 'Norway', 158.60999999999999),
('1997', 'Singapore', 206.64999999999998),
('1998', 'Armenia', 27.419999999999998),
('1997', 'Mauritius', 143.57),
('1998', 'Brazil', 75.05),
('1997', 'Panama', 83.19),
('1998', 'Bulgaria', 304.61),
('1998', 'Chile', 109.77),
('1997', 'Paraguay', 35.580000000000005),
('1998', 'Canada', 150.12),
('1997', 'Philippines', 20.24),
('1998', 'Colombia', 81.67999999999999),
('1997', 'Portugal', 102.17999999999999),
('1998', 'Costa Rica', 92.09),
('1997', 'Slovakia', 164.10000000000002),
('1997', 'Puerto Rico', 99.25999999999998),
('1997', 'Slovenia', 410.09999999999997),
('1998', 'Croatia', 344.30000000000007),
('1997', 'Republic of Korea', 226.79999999999998),
('1997', 'South Africa', 4.95),
('1998', 'Cuba', 326.97999999999996),
('1997', 'Romania', 161.6),
('1997', 'Spain', 131.32),
('1998', 'Czech Republic', 226.7),
('1997', 'Russian Federation', 508.09),
('1997', 'Sri Lanka', 472.09999999999997),
('1998', 'Denmark', 188.68),
('1998', 'Ecuador', 62.07),
('1997', 'Suriname', 115.69),
('1998', 'El Salvador', 122.82999999999998),
('1997', 'Sweden', 167.19000000000003),
('1998', 'Kiribati', 50.45),
('1997', 'Switzerland', 266.77),
('1998', 'Kuwait', 16.209999999999997),
('1998', 'Estonia', 427.5199999999999),
('1998', 'Finland', 301.43),
('1998', 'Kyrgyzstan', 184.94000000000003),
('1998', 'France', 253.65000000000003),
('1998', 'Singapore', 215.35999999999999),
('1998', 'Latvia', 441.8400000000001),
('1998', 'Lithuania', 566.36),
('1998', 'Slovakia', 161.84),
('1998', 'Georgia', 49.3),
('1998', 'Norway', 153.66),
('1998', 'Luxembourg', 201.25000000000003),
('1998', 'Panama', 76.68999999999998),
('1998', 'Slovenia', 413.59999999999997),
('1998', 'Malta', 30.63),
('1998', 'Turkmenistan', 136.50000000000003),
('1998', 'Paraguay', 48.55),
('1998', 'Germany', 200.51000000000002),
('1998', 'South Africa', 7.699999999999999),
('1998', 'Greece', 48.269999999999996),
('1998', 'Philippines', 22.05),
('1998', 'Mauritius', 154.76999999999998),
('1998', 'Ukraine', 390.15),
('1998', 'Spain', 124.04),
('1998', 'Mexico', 56.839999999999996),
('1998', 'Guatemala', 37.059999999999995),
('1998', 'Portugal', 87.05999999999999),
('1998', 'Sri Lanka', 451.15000000000003),
('1998', 'United Kingdom', 90.76),
('1998', 'Puerto Rico', 131.07),
('1998', 'Guyana', 64.86),
('1998', 'Suriname', 101.95),
('1998', 'Netherlands', 128.5),
('1998', 'United States', 160.50999999999996),
('1998', 'Republic of Korea', 302.32),
('1998', 'Hungary', 436.78),
('1998', 'Iceland', 141.08999999999997),
('1999', 'Costa Rica', 85.06),
('1998', 'New Zealand', 201.07000000000002),
('1998', 'Romania', 161.28999999999996),
('1998', 'Sweden', 175.8),
('1998', 'Uruguay', 264.08),
('1999', 'Georgia', 68.57999999999998),
('1998', 'Ireland', 162.17000000000002),
('1999', 'Croatia', 327.28000000000003),
('1999', 'Kiribati', 0),
('1998', 'Russian Federation', 474.73999999999995),
('1998', 'Uzbekistan', 108.3),
('1998', 'Switzerland', 273.41999999999996),
('1999', 'Germany', 189.24000000000004),
('1998', 'Israel', 100.11000000000001),
('1999', 'Cuba', 306.12000000000006),
('1998', 'Saint Lucia', 119.03),
('1998', 'Thailand', 99.55999999999999),
('1999', 'Greece', 45.739999999999995),
('1999', 'Cyprus', 1.57),
('1998', 'Saint Vincent and Grenadines', 194.42000000000002),
('1998', 'Trinidad and Tobago', 196.04000000000002),
('1999', 'Guatemala', 36.5),
('1999', 'Kuwait', 16.82),
('1999', 'Albania', 69.81),
('1998', 'Italy', 113.84000000000002),
('1999', 'Austria', 280.3),
('1998', 'Serbia', 307.05),
('1999', 'Czech Republic', 236.93),
('1999', 'Guyana', 313.62),
('1999', 'Panama', 77.62999999999998),
('1998', 'Japan', 306.59999999999997),
('1999', 'Azerbaijan', 8.58),
('1999', 'Kyrgyzstan', 191.44),
('1999', 'Antigua and Barbuda', 0),
('1999', 'Paraguay', 44.42),
('1999', 'Hungary', 483.88),
('1999', 'Denmark', 183.09000000000003),
('1998', 'Kazakhstan', 440.52000000000004),
('1999', 'Bahamas', 22.959999999999997),
('1999', 'San Marino', 64.35000000000001),
('1999', 'Ecuador', 71.92999999999999),
('1999', 'Trinidad and Tobago', 145.32),
('1999', 'Philippines', 24.88),
('1999', 'Iceland', 128.92),
('1999', 'Latvia', 420.40999999999997),
('1999', 'Argentina', 117.19),
('1999', 'Serbia', 344.72999999999996),
('1999', 'Poland', 184.14999999999998),
('1999', 'Bahrain', 22.459999999999997),
('1999', 'El Salvador', 127.96000000000001),
('1999', 'Turkmenistan', 145.06),
('1999', 'Ireland', 141.22000000000003),
('1999', 'Lithuania', 561.5300000000001),
('1999', 'Armenia', 24.68),
('1999', 'Singapore', 166.45000000000005),
('1999', 'Ukraine', 376.06),
('1999', 'Portugal', 89.46),
('1999', 'Belarus', 450.36),
('1999', 'Estonia', 486.46999999999997),
('1999', 'Luxembourg', 211.99000000000004),
('1999', 'Aruba', 115.47000000000001),
('1999', 'Slovakia', 172.08),
('1999', 'United Kingdom', 92.44000000000001),
('1999', 'Finland', 283.10999999999996),
('1999', 'Puerto Rico', 117.31),
('1999', 'Malta', 91.76),
('1999', 'Belgium', 230.70000000000002),
('1999', 'Australia', 167.14999999999998),
('1999', 'Slovenia', 393.35999999999996),
('1999', 'United States', 150.77000000000004),
('1999', 'Mauritius', 186.04000000000002),
('1999', 'Israel', 102.58),
('1999', 'France', 245.83000000000004),
('1999', 'Republic of Korea', 257.52000000000004),
('1999', 'Belize', 83.71999999999998),
('1999', 'South Africa', 10.87),
('1999', 'Uruguay', 243.62000000000003),
('1999', 'Mexico', 54.889999999999986),
('1999', 'Italy', 99.72),
('1999', 'Brazil', 67.64999999999999),
('1999', 'Romania', 158.27),
('1999', 'Spain', 119.08),
('1999', 'Uzbekistan', 113.32999999999998),
('1999', 'Netherlands', 123.16000000000001),
('1999', 'Japan', 298.90000000000003),
('1999', 'Russian Federation', 510.13),
('1999', 'Bulgaria', 250.70999999999998),
('1999', 'Sri Lanka', 445.23999999999995),
('2000', 'Albania', 30.699999999999996),
('1999', 'New Zealand', 176.80000000000004),
('1999', 'Kazakhstan', 407.72999999999996),
('1999', 'Saint Lucia', 74.94),
('1999', 'Canada', 158.44000000000003),
('1999', 'Norway', 163.32999999999998),
('2000', 'Aruba', 305.33),
('1999', 'Saint Vincent and Grenadines', 65.80000000000001),
('1999', 'Chile', 111.85999999999999),
('2000', 'Australia', 157.82000000000005),
('1999', 'Colombia', 84.10000000000001),
('1999', 'Suriname', 216.70000000000002),
('2000', 'Antigua and Barbuda', 39.97),
('2000', 'Canada', 139.00000000000003),
('1999', 'Sweden', 172.64),
('2000', 'Argentina', 131.39),
('2000', 'Austria', 289.77),
('2000', 'Chile', 149.18000000000004),
('2000', 'Jamaica', 1.16),
('1999', 'Switzerland', 251.98),
('2000', 'Armenia', 34.300000000000004),
('2000', 'Azerbaijan', 14.410000000000002),
('2000', 'Colombia', 89.77999999999999),
('1999', 'Thailand', 109.03),
('2000', 'Costa Rica', 88.28999999999998),
('2000', 'Croatia', 322.75),
('2000', 'Japan', 278.52000000000004),
('2000', 'Bahamas', 40.660000000000004),
('2000', 'Cuba', 272.77000000000004),
('2000', 'Kazakhstan', 426.04999999999995),
('2000', 'Bahrain', 32.73),
('2000', 'Cyprus', 8.36),
('2000', 'Finland', 265.6499999999999),
('2000', 'Kiribati', 0),
('2000', 'Barbados', 37.13),
('2000', 'Czech Republic', 226.64000000000001),
('2000', 'France', 257.23),
('2000', 'Denmark', 181.07000000000002),
('2000', 'Kuwait', 15.23),
('2000', 'Belarus', 447.3),
('2000', 'Georgia', 46.64000000000001),
('2000', 'Ecuador', 57.17000000000001),
('2000', 'Germany', 185.55000000000004),
('2000', 'El Salvador', 110.55000000000001),
('2000', 'Kyrgyzstan', 182.63),
('2000', 'Belgium', 267.8),
('2000', 'Estonia', 364.64),
('2000', 'Greece', 44.86),
('2000', 'Latvia', 453.2),
('2000', 'Belize', 160.80000000000004),
('2000', 'Mexico', 54.89),
('2000', 'Guatemala', 27.419999999999995),
('2000', 'Lithuania', 571.8),
('2000', 'Brazil', 68.22999999999999),
('2000', 'Montenegro', 0),
('2000', 'Luxembourg', 222.64),
('2000', 'Bulgaria', 259.22),
('2000', 'Hungary', 464.56),
('2000', 'Netherlands', 118.99000000000001),
('2000', 'Maldives', 0),
('2000', 'Iceland', 207.99),
('2000', 'New Zealand', 157.54),
('2000', 'Malta', 78.05),
('2000', 'Ireland', 142.36),
('2000', 'Norway', 150.33),
('2000', 'Panama', 85.58000000000001),
('2000', 'Republic of Korea', 248.59),
('2000', 'Mauritius', 140.82000000000002),
('2000', 'Israel', 108.56000000000002),
('2000', 'Paraguay', 42.779999999999994),
('2000', 'Romania', 159.19000000000003),
('2000', 'Italy', 99.22),
('2000', 'Philippines', 32.21),
('2000', 'Russian Federation', 504.46999999999997),
('2000', 'Poland', 191.01),
('2000', 'Saint Lucia', 197.85999999999999),
('2000', 'Sri Lanka', 427.2900000000001),
('2000', 'Portugal', 85.88000000000001),
('2000', 'Saint Vincent and Grenadines', 44.11),
('2000', 'Suriname', 127.92999999999999),
('2000', 'Puerto Rico', 108.26),
('2000', 'San Marino', 47.26),
('2001', 'Albania', 50.61999999999999),
('2000', 'Sweden', 162.50000000000003),
('2001', 'Belarus', 419.6500000000001),
('2001', 'Denmark', 186.17000000000002),
('2000', 'Serbia', 324.16),
('2001', 'Belgium', 261.22),
('2001', 'Antigua and Barbuda', 19.45),
('2000', 'Switzerland', 266.2),
('2001', 'Ecuador', 67.24),
('2000', 'Singapore', 164.33999999999997),
('2001', 'Belize', 151.7),
('2001', 'Argentina', 143.55999999999997),
('2000', 'Thailand', 106.10000000000001),
('2000', 'Slovakia', 180.08),
('2001', 'El Salvador', 129.70999999999998),
('2001', 'Brazil', 73.49000000000001),
('2001', 'Armenia', 29.78),
('2000', 'Trinidad and Tobago', 198.31999999999996),
('2000', 'Slovenia', 404.12000000000006),
('2001', 'Aruba', 27.28),
('2001', 'Estonia', 371.68000000000006),
('2001', 'Bulgaria', 244.62),
('2000', 'Turkmenistan', 112.13),
('2000', 'South Africa', 9.54),
('2001', 'Fiji', 54.95),
('2001', 'Canada', 137.43),
('2000', 'Spain', 122.21000000000002),
('2001', 'Australia', 158.79000000000002),
('2001', 'Finland', 267.19000000000005),
('2000', 'Ukraine', 377.19000000000005),
('2001', 'Panama', 86.77000000000001),
('2001', 'Chile', 147.58),
('2001', 'Saint Vincent and Grenadines', 160.66000000000003),
('2001', 'Kyrgyzstan', 193.29999999999998),
('2001', 'Austria', 261.90999999999997),
('2000', 'United Kingdom', 87.33),
('2001', 'Paraguay', 56.52),
('2001', 'Serbia', 297),
('2001', 'France', 239.94),
('2001', 'Philippines', 27.079999999999995),
('2001', 'Latvia', 383.49000000000007),
('2001', 'Azerbaijan', 60.050000000000004),
('2001', 'Colombia', 88.26999999999998),
('2000', 'United States', 146.57999999999998),
('2001', 'Guatemala', 30.590000000000003),
('2001', 'Seychelles', 87.57000000000001),
('2001', 'Georgia', 35.19),
('2001', 'Costa Rica', 76.03),
('2001', 'Poland', 180.65),
('2001', 'Lithuania', 568.9799999999999),
('2000', 'Uruguay', 274.27000000000004),
('2001', 'Bahamas', 2.68),
('2001', 'Guyana', 380.76),
('2001', 'Singapore', 167.80000000000004),
('2001', 'Germany', 185.77999999999997),
('2001', 'Slovakia', 171.88),
('2001', 'Portugal', 115.73000000000003),
('2001', 'Greece', 38.81000000000001),
('2001', 'Croatia', 287.54),
('2001', 'Hungary', 408.9800000000001),
('2001', 'Luxembourg', 239.82),
('2001', 'Puerto Rico', 106.89),
('2000', 'Uzbekistan', 120.31),
('2001', 'Cuba', 244.51),
('2001', 'Bahrain', 30.659999999999993),
('2001', 'Iceland', 163.06),
('2001', 'Slovenia', 423.4),
('2001', 'Grenada', 0),
('2001', 'Maldives', 110.49),
('2001', 'Trinidad and Tobago', 205.32999999999998),
('2002', 'Aruba', 126.46000000000002),
('2001', 'Ireland', 148.97),
('2001', 'Barbados', 8.65),
('2001', 'Qatar', 27.300000000000004),
('2001', 'Malta', 85.29),
('2001', 'Turkmenistan', 133.46),
('2001', 'Czech Republic', 220.92000000000002),
('2002', 'Australia', 144.68),
('2001', 'South Africa', 12.43),
('2001', 'Israel', 108.23000000000002),
('2001', 'Mauritius', 121.83999999999999),
('2001', 'Republic of Korea', 273.54),
('2002', 'Austria', 276.92),
('2001', 'Ukraine', 348.14),
('2001', 'Spain', 112.4),
('2001', 'Italy', 95.87),
('2001', 'Mexico', 63.300000000000004),
('2001', 'United Kingdom', 85.14),
('2002', 'Azerbaijan', 19.419999999999998),
('2001', 'Romania', 149.10999999999999),
('2001', 'Sri Lanka', 358.06),
('2001', 'Jamaica', 2.8000000000000003),
('2001', 'Montenegro', 0),
('2002', 'Bahamas', 9.969999999999999),
('2001', 'United States', 148.21999999999997),
('2001', 'Suriname', 218.09),
('2001', 'Japan', 267.16),
('2001', 'Netherlands', 116.3),
('2001', 'Sweden', 167.49000000000004),
('2001', 'Uruguay', 236.12),
('2002', 'Bahrain', 27.68),
('2001', 'Kazakhstan', 422.48999999999995),
('2001', 'New Zealand', 179.9),
('2001', 'Switzerland', 261.69),
('2002', 'Barbados', 0),
('2001', 'Uzbekistan', 115.92),
('2001', 'Kiribati', 0),
('2001', 'Norway', 154.29000000000002),
('2002', 'Canada', 137.73000000000002),
('2001', 'Kuwait', 9.129999999999999),
('2001', 'Russian Federation', 504.65000000000003),
('2002', 'Albania', 62.510000000000005),
('2002', 'Belarus', 410.99999999999994),
('2002', 'Chile', 149.28),
('2002', 'Antigua and Barbuda', 0),
('2001', 'Saint Lucia', 59.08),
('2002', 'Belgium', 247.85999999999999),
('2002', 'Colombia', 81.38),
('2002', 'Argentina', 139.42),
('2002', 'Costa Rica', 95.62000000000002),
('2002', 'Belize', 69.62),
('2002', 'Armenia', 38.070000000000014),
('2002', 'Croatia', 304.12),
('2002', 'Brazil', 69.77),
('2002', 'Cuba', 240.42000000000004),
('2002', 'Bulgaria', 247.35),
('2002', 'Czech Republic', 212.14999999999998),
('2002', 'Denmark', 176.51000000000002),
('2002', 'Mexico', 58.36000000000001),
('2002', 'Montenegro', 0),
('2002', 'Ecuador', 61.42),
('2002', 'Republic of Korea', 361.04),
('2002', 'Finland', 255.52000000000004),
('2002', 'Netherlands', 119.72999999999999),
('2002', 'Romania', 173.6),
('2002', 'El Salvador', 113.19),
('2002', 'New Zealand', 152.03000000000003),
('2002', 'France', 238.63999999999996),
('2002', 'Estonia', 358.29999999999995),
('2002', 'Russian Federation', 488.54999999999995),
('2002', 'Germany', 183.96000000000004),
('2002', 'Fiji', 110.53999999999999),
('2002', 'Norway', 141),
('2002', 'Italy', 94.61),
('2002', 'Saint Lucia', 187.52000000000004),
('2002', 'Greece', 38.35),
('2002', 'Jamaica', 0.7),
('2002', 'Panama', 78.94),
('2002', 'Saint Vincent and Grenadines', 202.92999999999998),
('2002', 'Japan', 265.84),
('2002', 'Grenada', 0),
('2002', 'Paraguay', 43.45000000000001),
('2002', 'Kazakhstan', 405.89),
('2002', 'Serbia', 295.91),
('2002', 'Philippines', 28.540000000000003),
('2002', 'Kuwait', 14.56),
('2002', 'Guatemala', 40.529999999999994),
('2002', 'Seychelles', 154.12),
('2002', 'Kyrgyzstan', 173.10999999999999),
('2002', 'Singapore', 172.39000000000001),
('2002', 'Latvia', 367.76),
('2002', 'Guyana', 311.93),
('2002', 'Slovakia', 191.77),
('2002', 'Poland', 183.26999999999995),
('2002', 'Lithuania', 555.6199999999998),
('2002', 'Hungary', 382.74999999999994),
('2002', 'Slovenia', 354.3),
('2002', 'Luxembourg', 264.14),
('2002', 'Iceland', 131.24),
('2002', 'Portugal', 171.82999999999998),
('2002', 'South Africa', 6.9799999999999995),
('2002', 'Maldives', 9.84),
('2002', 'Spain', 115.64),
('2002', 'Malta', 55.28),
('2002', 'Puerto Rico', 91.59000000000002),
('2002', 'Mauritius', 131.89999999999998),
('2003', 'Albania', 58.60000000000001),
('2003', 'Antigua and Barbuda', 27.82),
('2003', 'Argentina', 146.29),
('2003', 'Belarus', 444.86),
('2003', 'Armenia', 33.43000000000001),
('2003', 'Belgium', 248.72999999999996),
('2002', 'Sri Lanka', 339.41),
('2002', 'Ireland', 135.82),
('2003', 'Aruba', 12.93),
('2003', 'Belize', 59.00000000000001),
('2002', 'Suriname', 214.23000000000002),
('2002', 'Israel', 93.49000000000001),
('2002', 'Sweden', 162.71),
('2003', 'Australia', 133.84),
('2003', 'Brazil', 68.07000000000001),
('2003', 'Austria', 257.06),
('2003', 'Bulgaria', 207.65),
('2002', 'Switzerland', 273.70000000000005),
('2002', 'Thailand', 103.11999999999999),
('2003', 'Azerbaijan', 27.07),
('2003', 'Canada', 137.27),
('2003', 'Guyana', 382.53999999999996),
('2002', 'Trinidad and Tobago', 159.01),
('2003', 'Bahamas', 2.49),
('2003', 'Chile', 153.54),
('2003', 'Lithuania', 530.5200000000001),
('2002', 'Turkmenistan', 115.43),
('2003', 'Hungary', 372.0399999999999),
('2003', 'Bahrain', 32.39),
('2003', 'Colombia', 79.85000000000001),
('2003', 'Luxembourg', 164.36999999999998),
('2002', 'Ukraine', 344.04999999999995),
('2003', 'Iceland', 100.97000000000001),
('2003', 'Barbados', 0),
('2003', 'Denmark', 156.7),
('2003', 'Costa Rica', 115.88),
('2003', 'Maldives', 15.52),
('2002', 'United Kingdom', 82.71),
('2003', 'Ireland', 134.76999999999998),
('2003', 'Croatia', 281.68999999999994),
('2003', 'Malta', 74.94),
('2003', 'Ecuador', 70.56),
('2003', 'Israel', 97.17),
('2002', 'United States', 150.01999999999998),
('2003', 'Cuba', 221.12),
('2003', 'Philippines', 33.41),
('2003', 'El Salvador', 128.92),
('2003', 'Mauritius', 94.02),
('2003', 'Ukraine', 337.0700000000001),
('2003', 'Poland', 180.14999999999995),
('2003', 'Italy', 94.41999999999997),
('2003', 'Czech Republic', 234.88000000000005),
('2002', 'Uruguay', 331.69),
('2003', 'United Kingdom', 80.14999999999999),
('2003', 'Mexico', 63),
('2003', 'Estonia', 338.24000000000007),
('2003', 'Jamaica', 0.9099999999999999),
('2003', 'Portugal', 166.45999999999998),
('2003', 'United States', 145.64),
('2002', 'Uzbekistan', 95.28),
('2003', 'Fiji', 16.12),
('2003', 'Puerto Rico', 96.99000000000001),
('2004', 'Croatia', 302.24),
('2003', 'Japan', 279.4099999999999),
('2003', 'Uruguay', 259.25000000000006),
('2003', 'Finland', 243.45000000000002),
('2003', 'Montenegro', 0),
('2003', 'Kazakhstan', 411.7099999999999),
('2004', 'Cuba', 216.12),
('2003', 'Uzbekistan', 82.05999999999999),
('2003', 'France', 241.30999999999997),
('2003', 'Republic of Korea', 454.11999999999995),
('2003', 'Netherlands', 113.33),
('2004', 'Azerbaijan', 18.33),
('2003', 'Kuwait', 16.44),
('2004', 'Cyprus', 9.169999999999998),
('2003', 'Germany', 181.23999999999998),
('2004', 'Albania', 65.39),
('2003', 'Romania', 159.70999999999998),
('2003', 'New Zealand', 172.35),
('2004', 'Bahamas', 5.93),
('2003', 'Kyrgyzstan', 137.86),
('2003', 'Singapore', 172.73999999999998),
('2004', 'Czech Republic', 203.01999999999998),
('2003', 'Greece', 40.67),
('2004', 'Antigua and Barbuda', 36.06),
('2003', 'Russian Federation', 468.9100000000001),
('2004', 'Bahrain', 54.21000000000001),
('2003', 'Norway', 138.07999999999996),
('2003', 'Slovakia', 169.16000000000003),
('2003', 'Latvia', 361.63000000000005),
('2004', 'Denmark', 161.78),
('2003', 'Grenada', 69.18),
('2003', 'Saint Lucia', 133.26000000000002),
('2004', 'Barbados', 7.79),
('2003', 'Slovenia', 376.56000000000006),
('2003', 'Panama', 97.24),
('2003', 'Guatemala', 37.34000000000001),
('2004', 'Belgium', 231.06000000000003),
('2003', 'South Africa', 9.240000000000002),
('2003', 'Saint Vincent and Grenadines', 50.91),
('2003', 'Paraguay', 51.35000000000001),
('2004', 'Ecuador', 84.38999999999999),
('2004', 'Argentina', 131.05999999999997),
('2003', 'Spain', 116.48999999999997),
('2004', 'Aruba', 176.71999999999997),
('2004', 'El Salvador', 111.55999999999999),
('2004', 'Belize', 117.38),
('2004', 'Germany', 172.23),
('2003', 'Serbia', 271.27),
('2004', 'Australia', 133.76000000000002),
('2004', 'Greece', 40.92),
('2003', 'Sri Lanka', 352.75000000000006),
('2004', 'Estonia', 299.4599999999999),
('2004', 'Brazil', 70.22),
('2003', 'Suriname', 245.99999999999997),
('2004', 'Grenada', 13.37),
('2003', 'Seychelles', 100),
('2004', 'Fiji', 90.49000000000001),
('2004', 'Austria', 254.04),
('2004', 'Bulgaria', 184.11999999999998),
('2004', 'Guatemala', 29.929999999999996),
('2004', 'Finland', 243.95),
('2004', 'Canada', 131.66),
('2004', 'Guyana', 400),
('2003', 'Sweden', 153.41),
('2004', 'France', 232.50999999999996),
('2004', 'Chile', 155.69),
('2004', 'Hungary', 369.46999999999997),
('2004', 'Georgia', 66.54),
('2004', 'Colombia', 84.25),
('2004', 'Iceland', 168.81000000000003),
('2003', 'Switzerland', 242.66000000000003),
('2004', 'Costa Rica', 100.72000000000001),
('2004', 'Ireland', 129.42),
('2003', 'Thailand', 91.16),
('2004', 'Israel', 98.43999999999998),
('2003', 'Trinidad and Tobago', 158.24999999999997),
('2003', 'Turkmenistan', 107.02000000000002),
('2004', 'Italy', 91.33000000000001),
('2004', 'Japan', 266.24999999999994),
('2004', 'Kazakhstan', 413.85999999999996),
('2004', 'Kuwait', 17.26),
('2004', 'Jamaica', 0.74),
('2004', 'Kyrgyzstan', 141.32999999999998),
('2004', 'Latvia', 328.38),
('2004', 'Netherlands', 111.16),
('2004', 'Saint Lucia', 66.17),
('2004', 'Lithuania', 503.36999999999995),
('2004', 'Saint Vincent and Grenadines', 46.459999999999994),
('2004', 'New Zealand', 163.41000000000003),
('2004', 'Luxembourg', 189.53999999999996),
('2004', 'Serbia', 262.50999999999993),
('2004', 'Maldives', 3.74),
('2004', 'Norway', 141.37),
('2004', 'Seychelles', 63.27000000000001),
('2005', 'Austria', 235.24999999999997),
('2004', 'Malta', 85.82),
('2004', 'Singapore', 167.47999999999996),
('2004', 'Panama', 81.76),
('2004', 'Paraguay', 65.44000000000001),
('2004', 'Mauritius', 100.99),
('2005', 'Bahamas', 13.32),
('2004', 'Mexico', 60.75),
('2005', 'Bahrain', 40.22),
('2004', 'Poland', 187.73999999999995),
('2004', 'Slovakia', 150.89999999999998),
('2004', 'Thailand', 86.06),
('2004', 'Montenegro', 0),
('2005', 'Barbados', 2.58),
('2004', 'Slovenia', 298.4799999999999),
('2004', 'Puerto Rico', 108.95),
('2004', 'Trinidad and Tobago', 188.28000000000003),
('2004', 'South Africa', 12.63),
('2005', 'Belgium', 231.75000000000003),
('2004', 'Turkmenistan', 112.79999999999998),
('2004', 'Spain', 112.63000000000001),
('2004', 'Ukraine', 307.05),
('2004', 'Qatar', 15.25),
('2004', 'Suriname', 202.10000000000002),
('2005', 'Belize', 46.1),
('2005', 'Japan', 266.88999999999993),
('2004', 'Sweden', 157.41000000000003),
('2005', 'Brazil', 73.60000000000001),
('2004', 'United Kingdom', 82.72),
('2005', 'Kazakhstan', 357.80000000000007),
('2004', 'Republic of Korea', 469.69999999999993),
('2005', 'Costa Rica', 78.73),
('2004', 'Switzerland', 242.27000000000004),
('2005', 'Georgia', 28.359999999999996),
('2004', 'United States', 146.90000000000003),
('2005', 'Germany', 161.48999999999998),
('2004', 'Romania', 151.19),
('2005', 'Croatia', 269.56999999999994),
('2005', 'Bulgaria', 178.06),
('2005', 'Kuwait', 18.18),
('2005', 'Montenegro', 274.4799999999999),
('2005', 'Canada', 133.84),
('2005', 'Kyrgyzstan', 135.48000000000002),
('2005', 'Netherlands', 113.27999999999999),
('2004', 'Uruguay', 258.49),
('2005', 'Latvia', 312.06),
('2005', 'Chile', 147.43),
('2005', 'New Zealand', 157.93000000000004),
('2005', 'Colombia', 74.84),
('2005', 'Lithuania', 485.78999999999996),
('2005', 'Greece', 46.53),
('2004', 'Russian Federation', 447.61),
('2005', 'Cuba', 205.93999999999997),
('2004', 'Uzbekistan', 68.03999999999999),
('2005', 'Norway', 142.09),
('2005', 'Luxembourg', 159.07000000000002),
('2006', 'Bulgaria', 186.53),
('2005', 'Grenada', 160.82000000000002),
('2005', 'Cyprus', 24.739999999999995),
('2005', 'Maldives', 2.75),
('2005', 'Panama', 77.80999999999999),
('2006', 'Canada', 126.42999999999999),
('2005', 'Malta', 67.94),
('2006', 'Chile', 155.06),
('2005', 'Paraguay', 62.81),
('2005', 'Czech Republic', 193.39999999999998),
('2005', 'Guatemala', 32.61),
('2005', 'Albania', 0),
('2005', 'Poland', 186.04),
('2005', 'Mauritius', 102.51),
('2006', 'Colombia', 78.41),
('2005', 'Guyana', 333.9600000000001),
('2005', 'Denmark', 164.23),
('2005', 'Puerto Rico', 105.11),
('2005', 'Hungary', 352.00999999999993),
('2005', 'Ecuador', 96.73000000000002),
('2005', 'Qatar', 18.799999999999997),
('2005', 'Antigua and Barbuda', 0),
('2005', 'Mexico', 62.220000000000006),
('2006', 'Costa Rica', 100.83000000000001),
('2005', 'Iceland', 115),
('2005', 'Republic of Korea', 479.03999999999996);
INSERT INTO `year_country_depressed_per` (`year`, `country`, `total_depression_rate`) VALUES
('2005', 'El Salvador', 115.73000000000002),
('2005', 'Argentina', 128.18),
('2005', 'Romania', 146.01),
('2006', 'El Salvador', 99.57000000000001),
('2005', 'Aruba', 99.57999999999998),
('2005', 'Ireland', 121.10999999999999),
('2005', 'Estonia', 256.43),
('2005', 'Russian Federation', 420.3399999999999),
('2005', 'Fiji', 52.83),
('2005', 'Israel', 102.91),
('2006', 'Estonia', 242.63),
('2006', 'Fiji', 30.769999999999996),
('2005', 'Italy', 82.58999999999999),
('2005', 'Finland', 230.51999999999998),
('2006', 'Antigua and Barbuda', 0),
('2005', 'Sweden', 164.61999999999995),
('2006', 'Croatia', 248.21999999999994),
('2005', 'France', 232.09),
('2006', 'Finland', 233.79999999999998),
('2005', 'Jamaica', 26.169999999999995),
('2006', 'Argentina', 128.21999999999997),
('2006', 'Cuba', 202.54999999999995),
('2005', 'Switzerland', 246.19),
('2005', 'Saint Lucia', 24.82),
('2006', 'France', 220.62999999999997),
('2005', 'Thailand', 77.99),
('2005', 'Saint Vincent and Grenadines', 72.11),
('2006', 'Armenia', 43.67),
('2006', 'Georgia', 23.509999999999998),
('2005', 'Trinidad and Tobago', 144.14000000000001),
('2006', 'Aruba', 96.31),
('2006', 'Germany', 152.52),
('2006', 'Cyprus', 27.639999999999997),
('2005', 'San Marino', 34.01),
('2006', 'Iceland', 106.39000000000001),
('2006', 'Czech Republic', 178.4),
('2006', 'Greece', 45.410000000000004),
('2005', 'Turkmenistan', 134.19000000000003),
('2006', 'Australia', 127.89000000000001),
('2006', 'Ireland', 126.46000000000001),
('2005', 'Serbia', 286.31999999999994),
('2006', 'Grenada', 9.89),
('2006', 'Denmark', 162.08),
('2006', 'Guatemala', 41.95),
('2005', 'Ukraine', 297.18),
('2006', 'Austria', 218.89999999999995),
('2005', 'Seychelles', 71.5),
('2006', 'Israel', 80.52),
('2006', 'Ecuador', 93.07),
('2006', 'Bahamas', 5.640000000000001),
('2006', 'Italy', 81.61000000000001),
('2006', 'Guyana', 394.60000000000014),
('2005', 'United Arab Emirates', 16.05),
('2005', 'Singapore', 180.33),
('2006', 'Bahrain', 27.18),
('2006', 'Jamaica', 0),
('2006', 'Hungary', 312.66),
('2006', 'Japan', 262.24),
('2006', 'Barbados', 45.38),
('2006', 'Kazakhstan', 374.72999999999996),
('2006', 'Belgium', 214.89999999999998),
('2006', 'South Africa', 17.919999999999998),
('2006', 'Kuwait', 15.83),
('2006', 'Belize', 37.92000000000001),
('2006', 'Kyrgyzstan', 145.99),
('2005', 'United Kingdom', 79.15999999999998),
('2005', 'Slovakia', 165.37),
('2006', 'Brazil', 69.89999999999999),
('2006', 'Spain', 99.86999999999999),
('2005', 'United States', 146.68),
('2005', 'Slovenia', 337.41),
('2006', 'Luxembourg', 183.79000000000005),
('2006', 'Sri Lanka', 328.7300000000001),
('2005', 'Uruguay', 241.31000000000003),
('2005', 'South Africa', 15.29),
('2006', 'Latvia', 288.9),
('2006', 'Puerto Rico', 95.30000000000001),
('2006', 'Malta', 87.21000000000001),
('2006', 'Suriname', 298.26),
('2006', 'Sweden', 160.76),
('2006', 'Lithuania', 400.57),
('2006', 'Mauritius', 163.68),
('2006', 'Switzerland', 241.62999999999997),
('2006', 'Mexico', 59.220000000000006),
('2005', 'Uzbekistan', 67.80999999999999),
('2005', 'Spain', 107.66),
('2006', 'Qatar', 87.30000000000001),
('2006', 'Thailand', 69.04000000000002),
('2007', 'Bahrain', 32.09),
('2006', 'Montenegro', 0),
('2006', 'Trinidad and Tobago', 133.89000000000001),
('2006', 'Albania', 0),
('2005', 'Suriname', 211.17),
('2006', 'Republic of Korea', 420.46),
('2006', 'Turkmenistan', 143.84),
('2006', 'Ukraine', 282.78999999999996),
('2006', 'Romania', 149.09),
('2006', 'United Arab Emirates', 16.55),
('2006', 'Russian Federation', 401.31),
('2006', 'Saint Lucia', 17.83),
('2006', 'United Kingdom', 78.17),
('2006', 'Saint Vincent and Grenadines', 122.06999999999998),
('2006', 'United States', 145.13000000000002),
('2007', 'Saint Vincent and Grenadines', 102.39),
('2006', 'Serbia', 286.06999999999994),
('2006', 'Uruguay', 248.10999999999999),
('2007', 'Serbia', 258.45),
('2007', 'Germany', 146.52),
('2006', 'Seychelles', 275.75),
('2007', 'Albania', 65.85),
('2007', 'Seychelles', 147.64),
('2006', 'Singapore', 148.74999999999997),
('2007', 'Greece', 33.91),
('2007', 'Antigua and Barbuda', 7.98),
('2007', 'Singapore', 165.76000000000002),
('2007', 'Grenada', 48.339999999999996),
('2006', 'Slovakia', 0),
('2007', 'Argentina', 118.35000000000004),
('2007', 'Slovakia', 0),
('2007', 'Guatemala', 40.269999999999996),
('2007', 'Barbados', 0),
('2006', 'Netherlands', 113.18999999999998),
('2006', 'Slovenia', 347.87),
('2007', 'Croatia', 243.45000000000002),
('2007', 'Armenia', 39.019999999999996),
('2007', 'Slovenia', 291.44999999999993),
('2007', 'Guyana', 373.74999999999994),
('2007', 'Belarus', 355.89000000000004),
('2006', 'New Zealand', 156.74),
('2007', 'New Zealand', 148.19),
('2007', 'Aruba', 92.19000000000001),
('2007', 'South Africa', 12.12),
('2007', 'Hungary', 327.32000000000005),
('2007', 'Cuba', 188.18000000000004),
('2007', 'Belgium', 208.56999999999996),
('2006', 'Norway', 142.67000000000002),
('2007', 'Norway', 127.77),
('2007', 'Australia', 130.25),
('2007', 'Spain', 98.94999999999997),
('2007', 'Iceland', 163.29000000000002),
('2007', 'Belize', 78.49),
('2007', 'Cyprus', 36.17),
('2006', 'Panama', 91.63),
('2007', 'Panama', 71.89999999999999),
('2007', 'Austria', 217.31),
('2007', 'Ireland', 121.77000000000001),
('2007', 'Suriname', 356.14000000000004),
('2007', 'Brazil', 71.67999999999999),
('2006', 'Paraguay', 65.57),
('2007', 'Paraguay', 62.51000000000001),
('2007', 'Czech Republic', 170.78),
('2007', 'Azerbaijan', 11.830000000000002),
('2008', 'Aruba', 41.440000000000005),
('2007', 'Israel', 73.66999999999999),
('2007', 'Sweden', 147.38999999999996),
('2006', 'Philippines', 36.66),
('2007', 'Bulgaria', 173.77),
('2007', 'Philippines', 29.17),
('2007', 'Denmark', 139.95999999999998),
('2007', 'Bahamas', 13.420000000000002),
('2007', 'Italy', 81.96000000000004),
('2008', 'Australia', 130.48999999999998),
('2007', 'Switzerland', 255.81),
('2007', 'Poland', 166.46999999999994),
('2007', 'Ecuador', 95.97),
('2007', 'Japan', 268.75999999999993),
('2008', 'Austria', 216.45000000000002),
('2007', 'Kazakhstan', 375.6300000000001),
('2006', 'Poland', 182.85),
('2007', 'Canada', 127.45),
('2008', 'Bahamas', 12.490000000000002),
('2008', 'Bahrain', 27.89),
('2007', 'Chile', 150.92000000000002),
('2007', 'Colombia', 74.25000000000003),
('2008', 'Barbados', 2.31),
('2007', 'Costa Rica', 75.35000000000001),
('2008', 'Belarus', 352.15999999999997),
('2007', 'Kuwait', 13.02),
('2007', 'Portugal', 143.54999999999998),
('2007', 'El Salvador', 127.14000000000003),
('2008', 'Chile', 167.88),
('2007', 'Thailand', 79.14000000000001),
('2008', 'Belgium', 221.54000000000002),
('2007', 'Kyrgyzstan', 125.89000000000001),
('2007', 'Latvia', 295.75000000000006),
('2008', 'Colombia', 74.22000000000001),
('2007', 'Puerto Rico', 93.08000000000001),
('2007', 'Estonia', 265.05),
('2008', 'Belize', 86.36000000000001),
('2007', 'Trinidad and Tobago', 143.58),
('2007', 'Lithuania', 406.79),
('2007', 'Qatar', 28.61),
('2008', 'Costa Rica', 72.26999999999998),
('2007', 'Fiji', 20.46),
('2008', 'Brazil', 72.21000000000001),
('2007', 'Turkmenistan', 96.69000000000001),
('2008', 'Croatia', 265.68999999999994),
('2007', 'Republic of Korea', 466.5400000000001),
('2007', 'Luxembourg', 183.88999999999996),
('2007', 'Finland', 223.08000000000004),
('2008', 'Bulgaria', 170.34),
('2007', 'Ukraine', 281.12),
('2008', 'Cuba', 190.98999999999995),
('2007', 'Romania', 136.05999999999997),
('2007', 'France', 213.69),
('2008', 'Canada', 127.59),
('2007', 'Maldives', 14.360000000000001),
('2007', 'United Arab Emirates', 15.99),
('2008', 'Cyprus', 59.07000000000001),
('2007', 'Russian Federation', 386.99000000000007),
('2007', 'Georgia', 36.59000000000001),
('2007', 'Malta', 73.84),
('2008', 'Czech Republic', 175.00999999999996),
('2008', 'Fiji', 47.480000000000004),
('2007', 'United Kingdom', 74.92),
('2008', 'Italy', 81.68999999999998),
('2007', 'Mauritius', 141.45),
('2008', 'Japan', 265.32),
('2007', 'United States', 149.12),
('2008', 'Denmark', 143.04999999999998),
('2008', 'Finland', 220.29),
('2008', 'Ecuador', 95.28999999999999),
('2007', 'Mexico', 58.010000000000005),
('2008', 'France', 216.20999999999998),
('2008', 'El Salvador', 125.82),
('2007', 'Montenegro', 335.53),
('2008', 'Germany', 145.52000000000004),
('2008', 'Kazakhstan', 366.93999999999994),
('2007', 'Uruguay', 266.31),
('2008', 'Republic of Korea', 452.2800000000001),
('2008', 'Mexico', 60.83),
('2008', 'Estonia', 244.57000000000002),
('2007', 'Netherlands', 97.43999999999997),
('2008', 'Greece', 40.300000000000004),
('2008', 'Romania', 140.4),
('2008', 'Kuwait', 11.76),
('2008', 'Albania', 71.05000000000001),
('2008', 'Montenegro', 308.09000000000003),
('2008', 'Grenada', 0),
('2008', 'Kyrgyzstan', 135.96),
('2008', 'Antigua and Barbuda', 0),
('2008', 'Russian Federation', 366.8),
('2008', 'Netherlands', 102.08999999999999),
('2008', 'Latvia', 323.68999999999994),
('2008', 'Argentina', 118.10999999999999),
('2008', 'Saint Lucia', 0),
('2008', 'Guatemala', 54.760000000000005),
('2008', 'Lithuania', 430.05),
('2008', 'Armenia', 35.15),
('2008', 'New Zealand', 151.77999999999994),
('2008', 'Luxembourg', 112.30999999999999),
('2008', 'Saint Vincent and Grenadines', 40.28999999999999),
('2008', 'Guyana', 353.61999999999995),
('2008', 'Norway', 132.03),
('2008', 'Hungary', 331.67999999999995),
('2008', 'Serbia', 242.60999999999999),
('2008', 'Maldives', 0),
('2008', 'Panama', 73.3),
('2008', 'Seychelles', 39.07),
('2008', 'Iceland', 136.09),
('2008', 'Suriname', 416.81999999999994),
('2008', 'Sweden', 155.68),
('2008', 'Switzerland', 237.51),
('2008', 'Singapore', 150.25),
('2008', 'Thailand', 78.17999999999999),
('2008', 'Ireland', 129.55999999999997),
('2008', 'Trinidad and Tobago', 178.25),
('2008', 'Turkmenistan', 117.58000000000001),
('2008', 'Slovakia', 134.20000000000002),
('2008', 'Israel', 87.33000000000003),
('2008', 'Malta', 38.67999999999999),
('2008', 'Paraguay', 58.32),
('2009', 'Belize', 57.76),
('2008', 'Ukraine', 274.5),
('2008', 'Slovenia', 263.09),
('2008', 'Mauritius', 78.13),
('2008', 'Philippines', 33.05),
('2009', 'Brazil', 70.37),
('2008', 'United Arab Emirates', 11.86),
('2008', 'United Kingdom', 80.71000000000001),
('2008', 'South Africa', 14.139999999999999),
('2009', 'Guyana', 301.78000000000003),
('2008', 'Poland', 177.37999999999997),
('2008', 'United States', 153.24),
('2009', 'Bulgaria', 154.42),
('2008', 'Uruguay', 234.53),
('2008', 'Portugal', 141.01999999999998),
('2009', 'Hungary', 310.71999999999997),
('2009', 'Canada', 130.66999999999996),
('2008', 'Spain', 98.51999999999998),
('2009', 'Albania', 0),
('2009', 'Chile', 174.3),
('2008', 'Puerto Rico', 107.08),
('2009', 'Iceland', 123.73000000000002),
('2009', 'Colombia', 73.83000000000001),
('2009', 'Lithuania', 437.07000000000005),
('2009', 'Antigua and Barbuda', 0),
('2008', 'Qatar', 13.55),
('2009', 'Denmark', 144.7),
('2009', 'Ireland', 132.63000000000002),
('2009', 'Argentina', 107.32000000000001),
('2009', 'Israel', 80.32),
('2009', 'Armenia', 33.7),
('2009', 'Aruba', 42.230000000000004),
('2009', 'Italy', 81.92999999999998),
('2009', 'Costa Rica', 77.37),
('2009', 'Luxembourg', 110.94999999999999),
('2009', 'Jamaica', 21.129999999999995),
('2009', 'Croatia', 254.29),
('2009', 'Malta', 107.11999999999999),
('2009', 'Australia', 130.12),
('2009', 'Paraguay', 67.32999999999998),
('2009', 'Japan', 266.69),
('2009', 'Austria', 213.22),
('2009', 'Cuba', 201.32999999999996),
('2009', 'Mauritius', 106.07000000000001),
('2009', 'Bahamas', 15.98),
('2009', 'Philippines', 34.89),
('2009', 'Kazakhstan', 330.07000000000005),
('2009', 'Cyprus', 55.53),
('2009', 'Mexico', 64.14),
('2009', 'Bahrain', 24.59),
('2009', 'Seychelles', 43.81),
('2009', 'Montenegro', 275.93),
('2009', 'Czech Republic', 179.70999999999995),
('2009', 'Barbados', 28.799999999999997),
('2009', 'Poland', 197.1),
('2009', 'Kuwait', 14.810000000000002),
('2009', 'Belarus', 375.53999999999996),
('2009', 'Netherlands', 108.30000000000001),
('2009', 'Singapore', 149.58),
('2009', 'Ecuador', 94.25),
('2009', 'Portugal', 139.7),
('2009', 'Kyrgyzstan', 113.28),
('2009', 'Belgium', 218.35000000000002),
('2009', 'Slovakia', 139.08),
('2009', 'New Zealand', 153.00000000000003),
('2009', 'Puerto Rico', 124.9),
('2009', 'Latvia', 307.7999999999999),
('2009', 'Norway', 145.73999999999995),
('2009', 'Slovenia', 268.71000000000004),
('2009', 'Qatar', 19.900000000000002),
('2009', 'El Salvador', 124.12),
('2009', 'Oman', 21.189999999999998),
('2009', 'South Africa', 10.709999999999999),
('2009', 'Republic of Korea', 519.5200000000001),
('2009', 'Estonia', 248.66999999999996),
('2010', 'Colombia', 67.24000000000001),
('2009', 'Panama', 68.29),
('2009', 'Romania', 144.01999999999998),
('2009', 'Spain', 98.01999999999998),
('2010', 'Costa Rica', 84.35000000000001),
('2009', 'Russian Federation', 352.8),
('2010', 'Croatia', 241.97),
('2009', 'Fiji', 51.67),
('2009', 'Saint Lucia', 82.32),
('2010', 'Cuba', 202.13000000000002),
('2010', 'Australia', 132.64000000000001),
('2009', 'Suriname', 369.71000000000004),
('2009', 'Finland', 228.48999999999998),
('2009', 'Saint Vincent and Grenadines', 11.18),
('2010', 'Cyprus', 58.879999999999995),
('2009', 'France', 216.24),
('2009', 'Serbia', 258.43000000000006),
('2009', 'Georgia', 65.05999999999999),
('2010', 'France', 211.17),
('2010', 'Austria', 207.55000000000004),
('2009', 'Sweden', 160.4),
('2010', 'Czech Republic', 175.62),
('2010', 'Georgia', 34.33),
('2010', 'Bahamas', 58.32),
('2010', 'Denmark', 130.02),
('2009', 'Germany', 145.52000000000004),
('2010', 'Germany', 152.17000000000002),
('2010', 'Bahrain', 11.89),
('2010', 'Ecuador', 81.48999999999998),
('2009', 'Switzerland', 180.12999999999997),
('2009', 'Greece', 40.970000000000006),
('2009', 'Turkey', 21.29),
('2010', 'Greece', 39.90000000000001),
('2010', 'Barbados', 7.62),
('2010', 'El Salvador', 97.92),
('2009', 'Turkmenistan', 42.54),
('2009', 'Grenada', 0),
('2010', 'Grenada', 0),
('2009', 'Thailand', 78.56),
('2010', 'Belarus', 331.97999999999996),
('2010', 'Guatemala', 35.43),
('2009', 'Ukraine', 279.25999999999993),
('2010', 'Estonia', 229.07000000000005),
('2009', 'Guatemala', 57.57),
('2010', 'Belgium', 220.18),
('2009', 'Trinidad and Tobago', 120.24000000000001),
('2010', 'Guyana', 403.06999999999994),
('2010', 'Belize', 61.47999999999999),
('2010', 'Netherlands', 109.48999999999997),
('2010', 'Finland', 215.21),
('2009', 'United Arab Emirates', 11.730000000000002),
('2010', 'Hungary', 321.30999999999995),
('2010', 'Brazil', 72.73),
('2010', 'New Zealand', 152.62),
('2009', 'United Kingdom', 78.00000000000001),
('2010', 'Iceland', 184.27),
('2010', 'Nicaragua', 88.74000000000001),
('2009', 'United States', 154.19),
('2010', 'Ireland', 120.30000000000001),
('2009', 'Uruguay', 237.75),
('2010', 'Bulgaria', 158.25000000000006),
('2010', 'Norway', 136.42999999999998),
('2010', 'Israel', 99.47000000000001),
('2009', 'Uzbekistan', 60.86),
('2010', 'Italy', 80.77000000000001),
('2010', 'Canada', 132.67000000000002),
('2010', 'Chile', 162.87999999999997),
('2010', 'Jamaica', 1.16),
('2010', 'Albania', 41.66),
('2010', 'Qatar', 12.83),
('2010', 'Spain', 87.44),
('2010', 'Republic of Korea', 518.2),
('2010', 'Suriname', 425.3),
('2010', 'Romania', 150.04000000000002),
('2010', 'Oman', 3.8000000000000003),
('2010', 'Russian Federation', 319.21),
('2010', 'Sweden', 146.54000000000002),
('2010', 'Saint Lucia', 30.31),
('2010', 'Switzerland', 160.52000000000004),
('2010', 'Saint Vincent and Grenadines', 54.83),
('2010', 'Panama', 64),
('2010', 'Thailand', 80.49999999999999),
('2010', 'Paraguay', 54.56000000000001),
('2010', 'Trinidad and Tobago', 150.50000000000003),
('2010', 'Philippines', 36.96000000000001),
('2010', 'Turkey', 31.69),
('2010', 'Serbia', 234.48000000000002),
('2010', 'Turkmenistan', 45.74999999999999),
('2010', 'Seychelles', 51.989999999999995),
('2010', 'Ukraine', 263.07000000000005),
('2010', 'United Arab Emirates', 22.71),
('2011', 'Greece', 48.67999999999999),
('2010', 'United Kingdom', 77.41000000000001),
('2010', 'Argentina', 111.24000000000001),
('2011', 'Grenada', 20.73),
('2010', 'Japan', 255.48),
('2010', 'Singapore', 129.23000000000002),
('2011', 'Belgium', 226.70999999999998),
('2010', 'Poland', 190.64),
('2011', 'Guatemala', 34.69),
('2010', 'Slovakia', 143.68),
('2010', 'Portugal', 148.84),
('2011', 'Belize', 153.3),
('2011', 'Guyana', 349.5299999999999),
('2010', 'Slovenia', 265.59),
('2010', 'Puerto Rico', 103.84000000000002),
('2011', 'Hungary', 299.85),
('2011', 'Iceland', 92.94999999999999),
('2011', 'Bosnia and Herzegovina', 1.31),
('2010', 'South Africa', 13.09),
('2011', 'Cyprus', 43.78),
('2011', 'Brazil', 72.41000000000001),
('2011', 'Ireland', 138.57999999999998),
('2011', 'Czech Republic', 186.23999999999998),
('2011', 'Bulgaria', 133.51999999999998),
('2011', 'Israel', 87.41000000000001),
('2011', 'Denmark', 126.33),
('2011', 'Cabo Verde', 133.84),
('2011', 'Italy', 86.08),
('2011', 'Ecuador', 81.8),
('2011', 'Canada', 125.02000000000001),
('2010', 'Armenia', 40.41000000000001),
('2011', 'Jamaica', 27.860000000000003),
('2010', 'Kazakhstan', 320.81000000000006),
('2011', 'El Salvador', 115.46000000000001),
('2011', 'Chile', 160.83999999999997),
('2011', 'Japan', 252.41000000000003),
('2011', 'Colombia', 62.879999999999995),
('2011', 'Estonia', 229.26),
('2011', 'Kazakhstan', 293.76),
('2011', 'Kuwait', 11.409999999999998),
('2011', 'Kyrgyzstan', 126.89000000000001),
('2011', 'Fiji', 106.97),
('2010', 'Aruba', 58.65),
('2011', 'Costa Rica', 89.83000000000001),
('2010', 'Kuwait', 10.04),
('2011', 'Latvia', 288.75),
('2010', 'Kyrgyzstan', 143.2),
('2011', 'Croatia', 221.10999999999999),
('2011', 'Finland', 203.60999999999999),
('2011', 'Lithuania', 407.69),
('2010', 'Latvia', 259.34000000000003),
('2011', 'France', 211.18000000000004),
('2011', 'Trinidad and Tobago', 138.69000000000003),
('2011', 'Cuba', 207.05),
('2011', 'Luxembourg', 136.52999999999997),
('2011', 'Turkey', 23.07),
('2010', 'Lithuania', 395.23999999999995),
('2011', 'Georgia', 36.309999999999995),
('2012', 'Croatia', 239.01),
('2010', 'United States', 158.89000000000001),
('2011', 'Germany', 152.82),
('2011', 'Maldives', 5.39),
('2010', 'Luxembourg', 141.16),
('2011', 'Turkmenistan', 31.630000000000006),
('2012', 'Cuba', 204),
('2010', 'Uruguay', 257.43),
('2010', 'Maldives', 1.99),
('2012', 'Cyprus', 42.89999999999999),
('2011', 'Ukraine', 263.99999999999994),
('2011', 'Malta', 47.49999999999999),
('2010', 'Uzbekistan', 63.23000000000001),
('2010', 'Malta', 82.10999999999999),
('2011', 'Argentina', 105.86999999999998),
('2012', 'Czech Republic', 196.23),
('2011', 'Mauritius', 120.03999999999996),
('2012', 'Austria', 206.63),
('2011', 'United Kingdom', 78.28999999999999),
('2010', 'Mauritius', 111.83000000000001),
('2011', 'Armenia', 32.980000000000004),
('2012', 'Bahamas', 11.84),
('2012', 'Denmark', 143.20999999999998),
('2011', 'Mexico', 65.52),
('2011', 'United States', 162.35999999999999),
('2010', 'Mexico', 61.00999999999999),
('2011', 'Nicaragua', 89.54999999999998),
('2011', 'Aruba', 93.42),
('2012', 'Bahrain', 8.68),
('2012', 'Ecuador', 84.87999999999998),
('2011', 'Norway', 146.49),
('2011', 'Australia', 133.21999999999997),
('2012', 'El Salvador', 123.14),
('2011', 'Panama', 62.730000000000004),
('2012', 'Georgia', 34.88),
('2011', 'Austria', 211.49),
('2011', 'Netherlands', 113.07999999999998),
('2011', 'Uzbekistan', 67.14),
('2012', 'Barbados', 0),
('2012', 'Estonia', 241.61000000000004),
('2011', 'Paraguay', 67.83),
('2011', 'Bahamas', 12.989999999999998),
('2012', 'Belgium', 217.13),
('2012', 'Germany', 148.30999999999997),
('2011', 'New Zealand', 142.82000000000002),
('2012', 'Antigua and Barbuda', 0),
('2012', 'Fiji', 91.58),
('2011', 'Philippines', 44.90999999999999),
('2011', 'Bahrain', 14.96),
('2012', 'Belize', 73.44999999999999),
('2011', 'Saint Lucia', 53.32),
('2012', 'Finland', 187.01),
('2012', 'Brazil', 74.45000000000002),
('2011', 'Poland', 183.86),
('2011', 'Barbados', 0),
('2012', 'Greece', 53.31999999999999),
('2011', 'Saint Vincent and Grenadines', 46.980000000000004),
('2012', 'Argentina', 119.81999999999998),
('2012', 'France', 198.97999999999996),
('2011', 'Belarus', 299.36),
('2011', 'Portugal', 127.86),
('2011', 'Serbia', 243.45),
('2012', 'Bulgaria', 164.17),
('2012', 'Grenada', 18.009999999999998),
('2012', 'Armenia', 36.57000000000001),
('2012', 'Kazakhstan', 271.02),
('2012', 'Norway', 125.99999999999999),
('2011', 'Puerto Rico', 90.55000000000001),
('2012', 'Canada', 127.87999999999998),
('2011', 'Seychelles', 51.34),
('2012', 'Guatemala', 41.800000000000004),
('2012', 'Australia', 139.57),
('2012', 'Chile', 148.41000000000003),
('2012', 'Kuwait', 15.59),
('2011', 'Qatar', 18.849999999999998),
('2011', 'Singapore', 116.96),
('2012', 'Panama', 55.519999999999996),
('2012', 'Colombia', 66.45),
('2011', 'Republic of Korea', 515.05),
('2011', 'Slovenia', 281.65999999999997),
('2012', 'Kyrgyzstan', 140.66000000000003),
('2012', 'Paraguay', 63.3),
('2011', 'Romania', 138.78),
('2012', 'Latvia', 267.67999999999995),
('2011', 'South Africa', 9.309999999999999),
('2012', 'Poland', 192.37000000000003),
('2011', 'Russian Federation', 299.68),
('2012', 'Guyana', 367.97999999999996),
('2012', 'Costa Rica', 80.75999999999999),
('2012', 'Lithuania', 374.12),
('2011', 'Spain', 88.58999999999999),
('2012', 'Portugal', 139.4),
('2012', 'Hungary', 305.96),
('2012', 'Luxembourg', 140.18),
('2011', 'Suriname', 353.31000000000006),
('2012', 'Puerto Rico', 87.1),
('2012', 'Iceland', 145.41000000000003),
('2011', 'Sweden', 141.77),
('2012', 'Malta', 59.87),
('2012', 'Qatar', 13.270000000000001),
('2012', 'Ireland', 137.66),
('2012', 'Mauritius', 114.25),
('2011', 'Switzerland', 168.21999999999997),
('2012', 'Republic of Korea', 443.25999999999993),
('2012', 'Saint Vincent and Grenadines', 97.29),
('2012', 'Israel', 83.78999999999998),
('2012', 'Mexico', 63.43),
('2012', 'Italy', 85.45),
('2012', 'Serbia', 234.53),
('2012', 'Romania', 142.03),
('2012', 'Turkey', 28.4),
('2012', 'Seychelles', 33.5),
('2012', 'Japan', 233.70000000000002),
('2012', 'Turkmenistan', 30.6),
('2012', 'Russian Federation', 285.51000000000005),
('2012', 'Singapore', 141.61999999999998),
('2012', 'Ukraine', 268.4700000000001),
('2012', 'Slovakia', 129.48000000000002),
('2012', 'Saint Lucia', 85.03),
('2011', 'Thailand', 77.59000000000002),
('2012', 'Netherlands', 118.51),
('2012', 'United Kingdom', 79.47),
('2012', 'Slovenia', 279.74),
('2012', 'South Africa', 13.56),
('2012', 'United States', 165.14),
('2012', 'New Zealand', 158.03000000000003),
('2012', 'Spain', 96.88),
('2013', 'Austria', 212.12),
('2012', 'Nicaragua', 72.28999999999999),
('2012', 'Suriname', 454.11),
('2013', 'Bahamas', 13.91),
('2012', 'Uruguay', 264.34999999999997),
('2013', 'Bahrain', 2.49),
('2012', 'Sweden', 148.10999999999999),
('2012', 'Uzbekistan', 77.53000000000003),
('2012', 'Switzerland', 165.38999999999996),
('2013', 'Barbados', 0),
('2013', 'Costa Rica', 89.25999999999999),
('2013', 'Antigua and Barbuda', 0),
('2013', 'Belarus', 273.32),
('2012', 'Thailand', 80.68999999999997),
('2013', 'Croatia', 210.29999999999995),
('2013', 'Argentina', 103.42),
('2013', 'Belgium', 201.55000000000004),
('2013', 'Cuba', 190.45999999999998),
('2013', 'Armenia', 37.480000000000004),
('2013', 'Belize', 56.400000000000006),
('2013', 'Australia', 138.78),
('2013', 'Brazil', 73.41000000000001),
('2013', 'Cyprus', 64.61000000000001),
('2013', 'Bulgaria', 134.16000000000003),
('2013', 'Czech Republic', 186.07000000000002),
('2013', 'Germany', 153.08),
('2013', 'Kazakhstan', 296.67),
('2013', 'Canada', 133.09),
('2013', 'Denmark', 134.54999999999998),
('2013', 'Greece', 55.11),
('2013', 'Chile', 134.52),
('2013', 'Grenada', 0),
('2013', 'Kuwait', 9.879999999999999),
('2013', 'Ecuador', 62.88000000000001),
('2013', 'Guatemala', 40.690000000000005),
('2013', 'Colombia', 63.529999999999994),
('2013', 'Kyrgyzstan', 109.84),
('2013', 'Guyana', 356.38000000000005),
('2013', 'El Salvador', 116.05999999999999),
('2013', 'Norway', 127.00999999999999),
('2013', 'Latvia', 242.19000000000003),
('2013', 'Hungary', 266.22999999999996),
('2013', 'Estonia', 231.92000000000002),
('2013', 'Panama', 49.309999999999995),
('2013', 'Turkey', 35.42),
('2013', 'Saint Vincent and Grenadines', 0),
('2013', 'Iceland', 221.24),
('2013', 'Lithuania', 444.56000000000006),
('2013', 'Finland', 196.82999999999998),
('2013', 'Paraguay', 75.39000000000001),
('2013', 'Turkmenistan', 23.289999999999996),
('2013', 'Ireland', 117.40999999999998),
('2013', 'Serbia', 217.73),
('2013', 'France', 192.33),
('2013', 'Poland', 187.58999999999997),
('2013', 'Luxembourg', 91.47999999999999),
('2013', 'Seychelles', 131.4),
('2013', 'Georgia', 55.57),
('2013', 'Portugal', 132.73),
('2013', 'Malta', 57.22),
('2013', 'Singapore', 137.87),
('2013', 'Israel', 74.21000000000001),
('2013', 'United Kingdom', 84.91999999999999),
('2014', 'Cyprus', 57.1),
('2014', 'Belarus', 252.90999999999997),
('2013', 'Puerto Rico', 90.59000000000002),
('2013', 'Slovakia', 143.90999999999997),
('2014', 'Guatemala', 45.88),
('2014', 'Czech Republic', 175.28999999999994),
('2013', 'Qatar', 8.23),
('2013', 'Mauritius', 97.67),
('2013', 'Slovenia', 283.0199999999999),
('2014', 'Hungary', 244.30999999999997),
('2013', 'Republic of Korea', 428.57),
('2014', 'Denmark', 137.73),
('2013', 'South Africa', 14.9),
('2014', 'Iceland', 197.95999999999998),
('2013', 'Mexico', 64.99000000000001),
('2013', 'Romania', 137.99),
('2013', 'Spain', 101.31999999999998),
('2014', 'Ecuador', 66.02000000000001),
('2014', 'Ireland', 119.67999999999999),
('2013', 'Netherlands', 125.53000000000002),
('2013', 'Italy', 84.86),
('2013', 'United States', 166.67),
('2014', 'Belgium', 201.85000000000002),
('2013', 'Suriname', 286.79999999999995),
('2014', 'Israel', 71.26000000000002),
('2013', 'Russian Federation', 273.96999999999997),
('2014', 'El Salvador', 101.84),
('2013', 'New Zealand', 144.55),
('2013', 'Japan', 231.16000000000003),
('2013', 'Sweden', 158.20000000000005),
('2013', 'Uruguay', 249.09),
('2014', 'Belize', 90.95),
('2014', 'Italy', 82.13000000000002),
('2013', 'Saint Lucia', 114.10000000000002),
('2014', 'Estonia', 258.90999999999997),
('2013', 'Switzerland', 170.26000000000002),
('2013', 'Uzbekistan', 78.85999999999999),
('2014', 'Bosnia and Herzegovina', 109.5),
('2013', 'Nicaragua', 80.97000000000001),
('2014', 'Antigua and Barbuda', 0),
('2014', 'Japan', 218.20999999999998),
('2013', 'Thailand', 79.56000000000002),
('2014', 'Finland', 177.16000000000005),
('2014', 'Brazil', 73.13000000000001),
('2014', 'Argentina', 111.35),
('2014', 'France', 179.56),
('2014', 'Kazakhstan', 257.09),
('2014', 'Bulgaria', 139.77),
('2014', 'Armenia', 37.00999999999999),
('2014', 'Kuwait', 15.86),
('2014', 'Chile', 137.36999999999998),
('2014', 'Georgia', 74.48999999999998),
('2014', 'Slovenia', 240.36999999999998),
('2014', 'Australia', 149.07),
('2014', 'Colombia', 66.62),
('2014', 'Kyrgyzstan', 111.79000000000002),
('2014', 'Germany', 153.03999999999996),
('2014', 'South Africa', 15.079999999999998),
('2014', 'Austria', 209.81999999999996),
('2014', 'Costa Rica', 70.85),
('2014', 'Latvia', 248.81000000000003),
('2014', 'United States', 171.33000000000004),
('2014', 'Lithuania', 401.2700000000001),
('2014', 'Bahrain', 6.5200000000000005),
('2014', 'Croatia', 222.04),
('2014', 'Uruguay', 248.63999999999993),
('2014', 'Portugal', 153.88999999999996),
('2014', 'Greece', 59.820000000000014),
('2014', 'Luxembourg', 147.88),
('2014', 'Spain', 104.35000000000002),
('2014', 'Cuba', 184.62999999999997),
('2014', 'Puerto Rico', 77.09),
('2014', 'Uzbekistan', 85.11999999999999),
('2014', 'Grenada', 0),
('2014', 'Suriname', 357.34),
('2014', 'Qatar', 18.989999999999995),
('2015', 'Antigua and Barbuda', 15.62),
('2014', 'Malta', 102.07999999999997),
('2014', 'Republic of Korea', 385.3299999999999),
('2014', 'Mauritius', 115.45),
('2015', 'Colombia', 70.39999999999999),
('2014', 'Mexico', 68.37999999999998),
('2015', 'Croatia', 229.67999999999998),
('2014', 'Romania', 131.02999999999997),
('2014', 'Russian Federation', 259.21999999999997),
('2014', 'Netherlands', 121.42),
('2015', 'Cuba', 194.31),
('2015', 'Argentina', 112.13000000000001),
('2014', 'Saint Lucia', 91.56),
('2014', 'Nicaragua', 71.39999999999999),
('2015', 'Cyprus', 49.589999999999996),
('2014', 'Norway', 127.22999999999999),
('2015', 'Czech Republic', 170.86999999999998),
('2015', 'Armenia', 45.28),
('2014', 'Saint Vincent and Grenadines', 80.78),
('2015', 'Denmark', 121.42),
('2014', 'Oman', 1.51),
('2014', 'Sweden', 149.04999999999998),
('2014', 'Panama', 55.98),
('2015', 'Ecuador', 97.39),
('2014', 'Serbia', 216.78),
('2014', 'Paraguay', 72.15),
('2015', 'Greece', 56.059999999999995),
('2015', 'Estonia', 205.37999999999997),
('2014', 'Poland', 178.3),
('2014', 'Seychelles', 43.33),
('2015', 'Finland', 161.18999999999997),
('2015', 'Grenada', 0),
('2014', 'Singapore', 131.78),
('2015', 'Guatemala', 44.85),
('2015', 'Georgia', 84.68),
('2014', 'Slovakia', 132.82000000000002),
('2015', 'Hungary', 257.2699999999999),
('2015', 'Germany', 150.34),
('2015', 'Iceland', 140.65),
('2015', 'Israel', 65.91),
('2015', 'Italy', 78.45),
('2015', 'Australia', 154.18000000000004),
('2015', 'Japan', 206.04),
('2015', 'Austria', 194.62),
('2015', 'Kazakhstan', 238.01999999999998),
('2015', 'Belgium', 196.66),
('2015', 'Belize', 135.46),
('2015', 'Brazil', 77.45),
('2014', 'Switzerland', 162.10000000000002),
('2015', 'Thailand', 81.15000000000002),
('2015', 'Kyrgyzstan', 98.36999999999999),
('2015', 'Chile', 147.68),
('2015', 'Turkey', 28.470000000000002),
('2015', 'Turkmenistan', 28.480000000000008),
('2014', 'Thailand', 76.96000000000001),
('2015', 'Latvia', 251.47000000000006),
('2015', 'Ukraine', 244.72),
('2014', 'Turkey', 30.830000000000005),
('2015', 'Romania', 133.54999999999998),
('2015', 'Lithuania', 385.48),
('2015', 'United Kingdom', 86.74),
('2014', 'Turkmenistan', 28.15),
('2015', 'Russian Federation', 236.91999999999996),
('2015', 'United States', 175.40999999999997),
('2014', 'Ukraine', 250.5),
('2015', 'Saint Vincent and Grenadines', 28.080000000000002),
('2015', 'Uruguay', 270.02000000000004),
('2014', 'United Kingdom', 83.92999999999999),
('2015', 'Serbia', 205.97),
('2016', 'Grenada', 0),
('2016', 'Armenia', 40.56000000000001),
('2015', 'Seychelles', 81.25),
('2015', 'Luxembourg', 134.39999999999998),
('2016', 'Hungary', 241.34),
('2016', 'Austria', 183.23),
('2015', 'Singapore', 109.28999999999998),
('2015', 'Malta', 78.26999999999998),
('2016', 'Iceland', 138.07),
('2016', 'Croatia', 213.55999999999997),
('2015', 'Slovenia', 264.81),
('2015', 'Mauritius', 99.96999999999997),
('2016', 'Lithuania', 361.71999999999997),
('2016', 'Cyprus', 47.14999999999999),
('2015', 'South Africa', 13.000000000000002),
('2015', 'Mexico', 66.57),
('2016', 'Mauritius', 99.3),
('2016', 'Czech Republic', 161.76),
('2015', 'Spain', 97.38000000000002),
('2015', 'Netherlands', 126.93),
('2016', 'Mongolia', 184.39),
('2015', 'Sweden', 149.29999999999998),
('2015', 'Nicaragua', 69.86999999999999),
('2016', 'Netherlands', 127.38999999999999),
('2015', 'Switzerland', 164.66),
('2015', 'Norway', 136.43),
('2016', 'Qatar', 16.43),
('2015', 'Panama', 44.89999999999999),
('2016', 'Romania', 116.33000000000001),
('2015', 'Poland', 166.99),
('2016', 'Sweden', 138.84000000000003),
('2015', 'Puerto Rico', 85.58000000000001),
('2016', 'Thailand', 77.32),
('2015', 'Qatar', 18.84),
('2015', 'Republic of Korea', 389.14000000000004);

-- --------------------------------------------------------

--
-- 表的结构 `year_country_depression_no`
--

CREATE TABLE `year_country_depression_no` (
  `year` text CHARACTER SET utf8mb4 COLLATE utf8mb4_general_ci,
  `country` text CHARACTER SET utf8mb4 COLLATE utf8mb4_general_ci,
  `depressed_count` double DEFAULT NULL
) ENGINE=InnoDB DEFAULT CHARSET=utf8mb4 COLLATE=utf8mb4_general_ci;

--
-- 转存表中的数据 `year_country_depression_no`
--

INSERT INTO `year_country_depression_no` (`year`, `country`, `depressed_count`) VALUES
('1987', 'Belize', 4),
('1988', 'Antigua and Barbuda', 0),
('1985', 'Colombia', 1001),
('1988', 'Costa Rica', 138),
('1987', 'Spain', 2804),
('1985', 'Japan', 23257),
('1987', 'Iceland', 36),
('1986', 'Puerto Rico', 310),
('1985', 'Puerto Rico', 269),
('1985', 'Uruguay', 287),
('1985', 'Antigua and Barbuda', 0),
('1985', 'Kuwait', 17),
('1985', 'Costa Rica', 128),
('1987', 'Suriname', 52),
('1987', 'Ireland', 245),
('1988', 'Ecuador', 466),
('1987', 'Brazil', 4672),
('1985', 'Republic of Korea', 3689),
('1985', 'Argentina', 1988),
('1988', 'Argentina', 2354),
('1986', 'Republic of Korea', 3458),
('1986', 'Antigua and Barbuda', 0),
('1986', 'United Kingdom', 4839),
('1985', 'Luxembourg', 55),
('1985', 'Dominica', 0),
('1987', 'Israel', 271),
('1987', 'Bulgaria', 1492),
('1987', 'Sweden', 1541),
('1988', 'Finland', 1402),
('1985', 'Saint Vincent and Grenadines', 2),
('1985', 'Australia', 1861),
('1985', 'Ecuador', 393),
('1987', 'Italy', 4516),
('1985', 'Malta', 2),
('1985', 'Seychelles', 8),
('1988', 'France', 11599),
('1985', 'Austria', 2091),
('1987', 'Canada', 3591),
('1987', 'Thailand', 3035),
('1988', 'Australia', 2172),
('1986', 'United States', 30892),
('1986', 'Argentina', 2284),
('1986', 'Saint Lucia', 5),
('1985', 'Mauritius', 104),
('1985', 'Bahamas', 1),
('1988', 'Greece', 403),
('1985', 'Singapore', 324),
('1985', 'France', 12501),
('1987', 'Chile', 693),
('1987', 'Jamaica', 13),
('1987', 'Trinidad and Tobago', 119),
('1986', 'Colombia', 958),
('1988', 'Jamaica', 5),
('1986', 'Japan', 25484),
('1987', 'Netherlands', 1616),
('1988', 'Austria', 1851),
('1986', 'Uruguay', 262),
('1986', 'Australia', 2044),
('1986', 'Saint Vincent and Grenadines', 0),
('1985', 'Greece', 405),
('1987', 'Japan', 23663),
('1987', 'Colombia', 951),
('1986', 'Costa Rica', 131),
('1988', 'Japan', 22676),
('1988', 'Grenada', 4),
('1985', 'Spain', 2514),
('1985', 'Mexico', 1544),
('1985', 'Bahrain', 11),
('1987', 'New Zealand', 463),
('1986', 'Kuwait', 16),
('1987', 'Turkmenistan', 272),
('1985', 'Grenada', 1),
('1987', 'Costa Rica', 119),
('1987', 'Kuwait', 16),
('1986', 'Ecuador', 377),
('1987', 'Norway', 649),
('1988', 'Luxembourg', 69),
('1986', 'Luxembourg', 51),
('1987', 'Ukraine', 10050),
('1985', 'Barbados', 7),
('1985', 'Sri Lanka', 5668),
('1985', 'Netherlands', 1638),
('1988', 'Guatemala', 174),
('1987', 'Albania', 73),
('1988', 'Bahrain', 14),
('1986', 'Seychelles', 1),
('1986', 'Austria', 2139),
('1986', 'France', 12529),
('1986', 'Malta', 1),
('1988', 'Malta', 9),
('1987', 'Panama', 85),
('1987', 'United Kingdom', 4594),
('1985', 'Suriname', 80),
('1985', 'Belgium', 2281),
('1988', 'Guyana', 56),
('1985', 'Iceland', 32),
('1987', 'Antigua and Barbuda', 0),
('1987', 'Ecuador', 390),
('1987', 'Luxembourg', 74),
('1986', 'Singapore', 326),
('1985', 'New Zealand', 338),
('1986', 'Barbados', 8),
('1988', 'Barbados', 12),
('1986', 'Greece', 393),
('1986', 'Mauritius', 28),
('1987', 'United States', 30783),
('1985', 'Thailand', 2982),
('1985', 'Brazil', 4228),
('1987', 'Paraguay', 62),
('1988', 'Mauritius', 167),
('1988', 'Iceland', 35),
('1985', 'Ireland', 276),
('1986', 'Spain', 2755),
('1987', 'Finland', 1363),
('1986', 'Belgium', 2202),
('1987', 'Argentina', 2286),
('1985', 'Panama', 56),
('1988', 'Belgium', 1996),
('1987', 'Malta', 1),
('1986', 'Guatemala', 203),
('1985', 'Israel', 234),
('1987', 'France', 12161),
('1985', 'Paraguay', 63),
('1986', 'Belize', 3),
('1987', 'Australia', 2164),
('1988', 'Brazil', 4466),
('1987', 'Mauritius', 140),
('1986', 'Sri Lanka', 5345),
('1985', 'Bulgaria', 1456),
('1985', 'Trinidad and Tobago', 29),
('1987', 'Uruguay', 258),
('1988', 'Mexico', 1703),
('1987', 'Portugal', 960),
('1986', 'Mexico', 1714),
('1988', 'Ireland', 266),
('1986', 'Iceland', 37),
('1985', 'Portugal', 983),
('1986', 'Suriname', 42),
('1987', 'Austria', 2069),
('1987', 'Greece', 410),
('1987', 'Mexico', 1701),
('1986', 'Brazil', 4271),
('1985', 'Italy', 4759),
('1988', 'Albania', 63),
('1988', 'Israel', 303),
('1988', 'Netherlands', 1523),
('1985', 'Canada', 3258),
('1985', 'United Kingdom', 5105),
('1987', 'Puerto Rico', 272),
('1988', 'Bulgaria', 1452),
('1986', 'Ireland', 282),
('1986', 'Netherlands', 1604),
('1985', 'Jamaica', 8),
('1987', 'Guatemala', 241),
('1985', 'United States', 29446),
('1988', 'New Zealand', 484),
('1986', 'Israel', 278),
('1987', 'Republic of Korea', 3301),
('1985', 'Chile', 683),
('1988', 'Italy', 4381),
('1986', 'New Zealand', 414),
('1988', 'Norway', 708),
('1986', 'Italy', 4691),
('1986', 'Norway', 579),
('1987', 'Saint Lucia', 11),
('1986', 'Thailand', 2798),
('1988', 'Canada', 3510),
('1987', 'Bahamas', 3),
('1986', 'Bulgaria', 1408),
('1986', 'Panama', 82),
('1986', 'Jamaica', 1),
('1988', 'Panama', 87),
('1987', 'Saint Vincent and Grenadines', 0),
('1986', 'Trinidad and Tobago', 104),
('1988', 'Chile', 697),
('1987', 'Bahrain', 9),
('1986', 'Canada', 3670),
('1986', 'Paraguay', 56),
('1988', 'Portugal', 819),
('1987', 'Seychelles', 3),
('1988', 'Colombia', 912),
('1986', 'Chile', 654),
('1987', 'Barbados', 6),
('1986', 'Portugal', 941),
('1987', 'Singapore', 301),
('1987', 'Belgium', 2238),
('1988', 'Puerto Rico', 314),
('1989', 'Canada', 3491),
('1989', 'Sweden', 1579),
('1988', 'Republic of Korea', 2949),
('1989', 'Chile', 725),
('1989', 'Trinidad and Tobago', 173),
('1989', 'Turkmenistan', 253),
('1989', 'Colombia', 831),
('1989', 'Ukraine', 10887),
('1991', 'Brazil', 5156),
('1988', 'Uruguay', 268),
('1989', 'Costa Rica', 167),
('1989', 'Panama', 70),
('1990', 'Ireland', 334),
('1990', 'Azerbaijan', 114),
('1991', 'Poland', 5316),
('1989', 'Albania', 68),
('1988', 'Saint Lucia', 10),
('1989', 'Ireland', 278),
('1989', 'United Kingdom', 4361),
('1991', 'Bulgaria', 1384),
('1989', 'Paraguay', 67),
('1990', 'Barbados', 16),
('1990', 'Israel', 304),
('1989', 'Ecuador', 431),
('1991', 'Germany', 14010),
('1991', 'Portugal', 942),
('1988', 'Singapore', 366),
('1989', 'Antigua and Barbuda', 0),
('1989', 'Israel', 353),
('1989', 'United States', 30218),
('1991', 'Canada', 3593),
('1990', 'Italy', 4402),
('1990', 'Belarus', 2085),
('1989', 'Italy', 4342),
('1989', 'Finland', 1413),
('1989', 'Portugal', 747),
('1991', 'Greece', 381),
('1989', 'Uruguay', 344),
('1988', 'Spain', 2960),
('1991', 'Chile', 787),
('1988', 'Suriname', 49),
('1989', 'Jamaica', 0),
('1989', 'France', 11715),
('1989', 'Puerto Rico', 327),
('1991', 'Grenada', 0),
('1990', 'Jamaica', 3),
('1990', 'Belgium', 1895),
('1991', 'Colombia', 1010),
('1990', 'Antigua and Barbuda', 1),
('1988', 'Sweden', 1590),
('1989', 'Japan', 21013),
('1989', 'Greece', 383),
('1989', 'Republic of Korea', 3023),
('1991', 'Guatemala', 156),
('1990', 'Japan', 20002),
('1990', 'Belize', 3),
('1990', 'Argentina', 2140),
('1991', 'Costa Rica', 125),
('1989', 'Luxembourg', 73),
('1988', 'Trinidad and Tobago', 164),
('1989', 'Grenada', 4),
('1989', 'Romania', 2529),
('1991', 'Guyana', 105),
('1990', 'Brazil', 4803),
('1990', 'Kazakhstan', 3172),
('1990', 'Uzbekistan', 1459),
('1991', 'Kazakhstan', 3082),
('1990', 'New Zealand', 455),
('1990', 'Armenia', 93),
('1991', 'Czech Republic', 1904),
('1991', 'Puerto Rico', 355),
('1989', 'Argentina', 2247),
('1989', 'Guatemala', 152),
('1991', 'Hungary', 3993),
('1990', 'Bulgaria', 1323),
('1990', 'Kyrgyzstan', 547),
('1989', 'Russian Federation', 37921),
('1991', 'Antigua and Barbuda', 0),
('1990', 'Australia', 2202),
('1991', 'Ecuador', 494),
('1991', 'Republic of Korea', 3069),
('1989', 'Australia', 2066),
('1989', 'Guyana', 94),
('1990', 'Canada', 3378),
('1990', 'Luxembourg', 68),
('1989', 'Saint Lucia', 8),
('1991', 'Iceland', 37),
('1991', 'Argentina', 1951),
('1990', 'Austria', 1825),
('1991', 'Romania', 2161),
('1991', 'El Salvador', 474),
('1989', 'Austria', 1898),
('1989', 'Iceland', 22),
('1989', 'Malta', 23),
('1990', 'Chile', 743),
('1990', 'Malta', 8),
('1988', 'Turkmenistan', 270),
('1991', 'Kiribati', 10),
('1989', 'Singapore', 394),
('1990', 'Norway', 659),
('1991', 'Ireland', 345),
('1991', 'Armenia', 80),
('1990', 'Czech Republic', 1997),
('1991', 'Finland', 1493),
('1991', 'Russian Federation', 39281),
('1989', 'Barbados', 16),
('1989', 'Mauritius', 144),
('1988', 'Ukraine', 9751),
('1990', 'Colombia', 865),
('1991', 'Kyrgyzstan', 543),
('1990', 'Saint Vincent and Grenadines', 5),
('1990', 'Mauritius', 147),
('1989', 'Spain', 2987),
('1990', 'Paraguay', 99),
('1991', 'Israel', 359),
('1991', 'Australia', 2288),
('1990', 'Ecuador', 448),
('1991', 'France', 11502),
('1990', 'Mexico', 1926),
('1990', 'Costa Rica', 157),
('1989', 'Suriname', 53),
('1991', 'Italy', 4453),
('1989', 'Mexico', 1865),
('1988', 'United Kingdom', 4971),
('1991', 'Luxembourg', 77),
('1990', 'Poland', 4970),
('1991', 'Austria', 1769),
('1991', 'Saint Kitts and Nevis', 0),
('1989', 'Belgium', 1920),
('1990', 'Singapore', 354),
('1990', 'El Salvador', 571),
('1991', 'Georgia', 174),
('1990', 'Netherlands', 1450),
('1991', 'Jamaica', 1),
('1989', 'Netherlands', 1520),
('1988', 'United States', 30388),
('1991', 'Malta', 10),
('1990', 'Portugal', 870),
('1991', 'Azerbaijan', 134),
('1991', 'Saint Lucia', 6),
('1990', 'Spain', 2939),
('1990', 'Puerto Rico', 371),
('1990', 'Finland', 1512),
('1991', 'Mauritius', 137),
('1991', 'Singapore', 296),
('1989', 'New Zealand', 465),
('1989', 'Belize', 1),
('1991', 'Barbados', 17),
('1991', 'Japan', 19780),
('1990', 'France', 11403),
('1990', 'Republic of Korea', 3159),
('1991', 'Belarus', 2169),
('1989', 'Norway', 660),
('1991', 'Mexico', 2103),
('1990', 'Georgia', 196),
('1990', 'Romania', 2079),
('1991', 'Belgium', 1805),
('1991', 'Netherlands', 1611),
('1990', 'Suriname', 26),
('1991', 'Spain', 2916),
('1989', 'Brazil', 4463),
('1990', 'Russian Federation', 39028),
('1990', 'Germany', 13924),
('1991', 'New Zealand', 474),
('1991', 'Belize', 2),
('1990', 'Sweden', 1471),
('1990', 'Greece', 349),
('1990', 'Saint Kitts and Nevis', 0),
('1991', 'Norway', 675),
('1991', 'Suriname', 57),
('1989', 'Bulgaria', 1460),
('1990', 'Thailand', 3753),
('1990', 'Saint Lucia', 3),
('1991', 'Sweden', 1483),
('1990', 'Grenada', 2),
('1991', 'Paraguay', 75),
('1990', 'Trinidad and Tobago', 170),
('1990', 'Guatemala', 158),
('1990', 'Turkmenistan', 298),
('1990', 'Guyana', 89),
('1990', 'Ukraine', 10645),
('1990', 'Iceland', 40),
('1990', 'United Kingdom', 4643),
('1990', 'United States', 30895),
('1990', 'Uruguay', 315),
('1991', 'Thailand', 3559),
('1991', 'Trinidad and Tobago', 148),
('1991', 'Turkmenistan', 273),
('1991', 'Ukraine', 10700),
('1992', 'Cuba', 2299),
('1991', 'United Kingdom', 4547),
('1992', 'Czech Republic', 1991),
('1991', 'United States', 30790),
('1992', 'Ecuador', 505),
('1992', 'Hungary', 4000),
('1992', 'Australia', 2251),
('1992', 'El Salvador', 419),
('1991', 'Uzbekistan', 1393),
('1992', 'Iceland', 28),
('1992', 'Austria', 1759),
('1992', 'Ireland', 362),
('1992', 'Finland', 1451),
('1992', 'Albania', 47),
('1992', 'Azerbaijan', 144),
('1992', 'France', 11644),
('1992', 'Antigua and Barbuda', 0),
('1992', 'Israel', 381),
('1992', 'Barbados', 14),
('1992', 'Georgia', 204),
('1992', 'Argentina', 2184),
('1993', 'Belarus', 2885),
('1992', 'Germany', 13458),
('1993', 'Spain', 3037),
('1992', 'Italy', 4543),
('1992', 'Belarus', 2424),
('1992', 'Armenia', 83),
('1993', 'New Zealand', 443),
('1992', 'Greece', 351),
('1993', 'Sweden', 1373),
('1993', 'Belgium', 2142),
('1993', 'El Salvador', 424),
('1992', 'Japan', 20756),
('1993', 'Norway', 590),
('1992', 'Belgium', 1878),
('1994', 'Germany', 12718),
('1992', 'United Kingdom', 4628),
('1992', 'Grenada', 0),
('1993', 'Trinidad and Tobago', 174),
('1993', 'Finland', 1397),
('1993', 'Belize', 1),
('1994', 'Greece', 355),
('1992', 'Kazakhstan', 3356),
('1993', 'Philippines', 846),
('1992', 'United States', 30471),
('1992', 'Brazil', 5207),
('1992', 'Guatemala', 173),
('1993', 'Turkmenistan', 240),
('1993', 'France', 12251),
('1993', 'Brazil', 5508),
('1994', 'Grenada', 4),
('1992', 'Uzbekistan', 1344),
('1993', 'Poland', 5624),
('1992', 'Kiribati', 4),
('1992', 'Bulgaria', 1519),
('1992', 'Guyana', 78),
('1993', 'Ukraine', 12469),
('1994', 'Guatemala', 142),
('1993', 'Germany', 12690),
('1993', 'Bulgaria', 1470),
('1992', 'Mauritius', 146),
('1994', 'Canada', 3748),
('1992', 'Kyrgyzstan', 491),
('1993', 'Albania', 73),
('1993', 'Portugal', 780),
('1992', 'Canada', 3708),
('1993', 'United Kingdom', 4462),
('1994', 'Guyana', 86),
('1992', 'Mexico', 2237),
('1993', 'Greece', 412),
('1994', 'Chile', 801),
('1993', 'Canada', 3803),
('1992', 'Luxembourg', 59),
('1993', 'Antigua and Barbuda', 1),
('1993', 'Puerto Rico', 345),
('1992', 'Chile', 658),
('1993', 'United States', 31084),
('1993', 'Grenada', 3),
('1994', 'Hungary', 3625),
('1992', 'Netherlands', 1587),
('1992', 'Saint Kitts and Nevis', 0),
('1994', 'Colombia', 1198),
('1993', 'Chile', 740),
('1993', 'Argentina', 2230),
('1993', 'Republic of Korea', 4124),
('1992', 'Malta', 18),
('1992', 'Colombia', 1086),
('1993', 'Uruguay', 418),
('1993', 'Guatemala', 165),
('1992', 'New Zealand', 493),
('1994', 'Iceland', 25),
('1992', 'Saint Lucia', 11),
('1993', 'Romania', 2774),
('1994', 'Costa Rica', 162),
('1993', 'Armenia', 106),
('1992', 'Costa Rica', 149),
('1993', 'Colombia', 1085),
('1993', 'Israel', 371),
('1994', 'Kiribati', 10),
('1994', 'Argentina', 2241),
('1993', 'Uzbekistan', 1355),
('1993', 'Guyana', 72),
('1992', 'Norway', 616),
('1994', 'Ireland', 394),
('1992', 'Singapore', 277),
('1993', 'Russian Federation', 55846),
('1994', 'Cuba', 2278),
('1993', 'Australia', 2038),
('1994', 'Kuwait', 30),
('1992', 'Slovakia', 796),
('1993', 'Costa Rica', 164),
('1993', 'Italy', 4697),
('1993', 'Austria', 1704),
('1994', 'Czech Republic', 1872),
('1993', 'Hungary', 3694),
('1994', 'Armenia', 112),
('1994', 'Albania', 50),
('1994', 'Israel', 416),
('1994', 'Kyrgyzstan', 581),
('1993', 'Cuba', 2374),
('1992', 'Spain', 2786),
('1994', 'Denmark', 999),
('1993', 'Azerbaijan', 119),
('1993', 'Japan', 20353),
('1994', 'Antigua and Barbuda', 0),
('1994', 'Australia', 2283),
('1993', 'Iceland', 26),
('1994', 'Italy', 4536),
('1994', 'Luxembourg', 74),
('1993', 'Czech Republic', 1917),
('1992', 'Suriname', 48),
('1994', 'Ecuador', 512),
('1993', 'Bahamas', 7),
('1993', 'Ireland', 326),
('1994', 'Austria', 1776),
('1993', 'Kazakhstan', 4019),
('1994', 'Japan', 20744),
('1994', 'Macau', 27),
('1994', 'Finland', 1387),
('1992', 'Sweden', 1355),
('1993', 'Ecuador', 574),
('1992', 'Philippines', 347),
('1993', 'Saint Lucia', 8),
('1994', 'Malta', 15),
('1994', 'Kazakhstan', 4024),
('1993', 'Kiribati', 12),
('1992', 'Thailand', 3550),
('1994', 'Azerbaijan', 47),
('1994', 'France', 12041),
('1993', 'Barbados', 16),
('1992', 'Poland', 5713),
('1993', 'Singapore', 270),
('1994', 'Mauritius', 129),
('1993', 'Kuwait', 18),
('1992', 'Trinidad and Tobago', 163),
('1994', 'Bahamas', 3),
('1994', 'Georgia', 123),
('1992', 'Portugal', 866),
('1993', 'Slovakia', 738),
('1994', 'Mexico', 2588),
('1993', 'Kyrgyzstan', 563),
('1992', 'Turkmenistan', 271),
('1994', 'Barbados', 14),
('1994', 'Netherlands', 1584),
('1993', 'Luxembourg', 64),
('1992', 'Ukraine', 11666),
('1994', 'Belarus', 3153),
('1992', 'Puerto Rico', 314),
('1994', 'New Zealand', 512),
('1993', 'Malta', 16),
('1994', 'Belgium', 2131),
('1992', 'Republic of Korea', 3533),
('1994', 'Norway', 531),
('1993', 'Mauritius', 138),
('1994', 'Belize', 8),
('1994', 'Paraguay', 108),
('1993', 'Mexico', 2342),
('1994', 'Brazil', 5896),
('1992', 'Romania', 2650),
('1993', 'Netherlands', 1555),
('1994', 'Bulgaria', 1464),
('1992', 'Russian Federation', 45923),
('1994', 'Poland', 5519),
('1994', 'Portugal', 762),
('1994', 'Puerto Rico', 355),
('1994', 'Republic of Korea', 4212),
('1994', 'Romania', 2887),
('1994', 'Russian Federation', 61420),
('1995', 'Canada', 3968),
('1994', 'Saint Lucia', 6),
('1994', 'Thailand', 2307),
('1995', 'Chile', 930),
('1994', 'Trinidad and Tobago', 148),
('1994', 'Singapore', 316),
('1995', 'Colombia', 1150),
('1994', 'Slovakia', 691),
('1994', 'Turkmenistan', 234),
('1995', 'Costa Rica', 209),
('1994', 'Ukraine', 13826),
('1994', 'Spain', 3171),
('1995', 'Aruba', 8),
('1994', 'United Kingdom', 4380),
('1995', 'Croatia', 929),
('1994', 'Sweden', 1324),
('1995', 'Australia', 2170),
('1995', 'Cuba', 2222),
('1994', 'United States', 31123),
('1995', 'Austria', 1788),
('1995', 'Czech Republic', 1733),
('1995', 'Denmark', 924),
('1995', 'Azerbaijan', 49),
('1994', 'Uruguay', 406),
('1994', 'Uzbekistan', 1419),
('1995', 'Japan', 21249),
('1995', 'Ecuador', 546),
('1995', 'Saint Vincent and Grenadines', 7),
('1995', 'Netherlands', 1511),
('1995', 'Albania', 88),
('1995', 'Kazakhstan', 4706),
('1995', 'El Salvador', 620),
('1995', 'Bahamas', 2),
('1995', 'Ukraine', 14541),
('1995', 'France', 11819),
('1995', 'Kiribati', 2),
('1995', 'Estonia', 594),
('1995', 'Barbados', 17),
('1995', 'Singapore', 364),
('1995', 'New Zealand', 545),
('1995', 'United Kingdom', 4315),
('1995', 'Finland', 1388),
('1995', 'Kuwait', 26),
('1995', 'Belarus', 3203),
('1995', 'Slovakia', 735),
('1995', 'Norway', 548),
('1995', 'Antigua and Barbuda', 0),
('1995', 'Georgia', 138),
('1995', 'Kyrgyzstan', 605),
('1995', 'United States', 31272),
('1995', 'Belgium', 2155),
('1995', 'Argentina', 2204),
('1995', 'Slovenia', 564),
('1995', 'Paraguay', 118),
('1995', 'Germany', 12888),
('1995', 'Latvia', 1024),
('1995', 'Uruguay', 427),
('1995', 'Belize', 14),
('1995', 'Poland', 5499),
('1995', 'Spain', 3157),
('1995', 'Greece', 370),
('1995', 'Lithuania', 1694),
('1995', 'Armenia', 130),
('1995', 'Portugal', 809),
('1995', 'Suriname', 55),
('1996', 'Belarus', 3627),
('1995', 'Grenada', 1),
('1996', 'Lithuania', 1722),
('1995', 'Luxembourg', 63),
('1995', 'Puerto Rico', 289),
('1996', 'Belgium', 2013),
('1995', 'Sweden', 1348),
('1996', 'Luxembourg', 72),
('1995', 'Malta', 17),
('1995', 'Qatar', 0),
('1996', 'Belize', 8),
('1995', 'Switzerland', 1419),
('1996', 'Malta', 10),
('1995', 'Mauritius', 147),
('1995', 'Republic of Korea', 4841),
('1996', 'Brazil', 6698),
('1995', 'Thailand', 4245),
('1995', 'Guatemala', 211),
('1996', 'Guyana', 60),
('1996', 'Denmark', 892),
('1995', 'Uzbekistan', 1485),
('1995', 'Brazil', 6536),
('1995', 'Guyana', 99),
('1996', 'Hungary', 3436),
('1996', 'Ecuador', 593),
('1996', 'Mauritius', 153),
('1995', 'Mexico', 2877),
('1995', 'Romania', 2793),
('1996', 'Bulgaria', 1526),
('1996', 'Iceland', 33),
('1995', 'Hungary', 3366),
('1995', 'Trinidad and Tobago', 184),
('1996', 'El Salvador', 540),
('1996', 'Mexico', 3008),
('1995', 'Russian Federation', 60548),
('1996', 'Canada', 3941),
('1995', 'Turkmenistan', 244),
('1996', 'Netherlands', 1577),
('1995', 'Saint Lucia', 10),
('1996', 'Chile', 917),
('1996', 'New Zealand', 540),
('1996', 'Colombia', 1209),
('1996', 'Ireland', 408),
('1995', 'Iceland', 27),
('1996', 'Estonia', 545),
('1996', 'Norway', 517),
('1996', 'Portugal', 653),
('1995', 'Ireland', 403),
('1996', 'Israel', 306),
('1996', 'Finland', 1247),
('1996', 'Panama', 113),
('1996', 'Puerto Rico', 331),
('1995', 'Israel', 360),
('1996', 'Italy', 4689),
('1996', 'Paraguay', 99),
('1996', 'Republic of Korea', 5857),
('1996', 'France', 11279),
('1996', 'Costa Rica', 209),
('1997', 'Albania', 170),
('1995', 'Italy', 4569),
('1996', 'Japan', 21967),
('1996', 'Poland', 5446),
('1996', 'Romania', 2828),
('1996', 'Georgia', 162),
('1996', 'Croatia', 1001),
('1997', 'Argentina', 2184),
('1996', 'Kazakhstan', 4773),
('1996', 'Russian Federation', 57511),
('1996', 'Germany', 12225),
('1996', 'Cuba', 2014),
('1997', 'Armenia', 77),
('1996', 'Kiribati', 6),
('1996', 'Saint Lucia', 7),
('1996', 'Greece', 356),
('1996', 'Czech Republic', 1568),
('1997', 'Australia', 2646),
('1996', 'Albania', 89),
('1995', 'Bulgaria', 1433),
('1997', 'Austria', 1592),
('1996', 'Argentina', 2229),
('1996', 'Kuwait', 30),
('1996', 'Saint Vincent and Grenadines', 8),
('1996', 'Grenada', 1),
('1997', 'Azerbaijan', 107),
('1997', 'Bahamas', 2),
('1996', 'Armenia', 87),
('1996', 'Kyrgyzstan', 480),
('1996', 'Guatemala', 157),
('1996', 'Singapore', 239),
('1996', 'Australia', 2426),
('1997', 'Bahrain', 0),
('1996', 'Sri Lanka', 4898),
('1996', 'Latvia', 922),
('1996', 'Slovakia', 672),
('1997', 'Belarus', 3526),
('1996', 'Austria', 1779),
('1996', 'Suriname', 21),
('1996', 'Azerbaijan', 69),
('1997', 'Belgium', 2146),
('1996', 'Slovenia', 607),
('1996', 'Sweden', 1253),
('1996', 'Bahamas', 3),
('1996', 'South Africa', 143),
('1996', 'Spain', 3320),
('1997', 'Belize', 1),
('1997', 'Brazil', 6891),
('1997', 'Bulgaria', 1465),
('1997', 'Canada', 3681),
('1997', 'Chile', 910),
('1997', 'Colombia', 1242),
('1997', 'Costa Rica', 187),
('1996', 'Switzerland', 1432),
('1997', 'Croatia', 946),
('1997', 'Cuba', 2029),
('1996', 'Thailand', 4443),
('1997', 'Israel', 379),
('1997', 'Czech Republic', 1666),
('1997', 'Italy', 4694),
('1997', 'Denmark', 817),
('1996', 'Trinidad and Tobago', 146),
('1997', 'Japan', 23280),
('1996', 'Turkmenistan', 283),
('1997', 'Ecuador', 579),
('1997', 'Kazakhstan', 4642),
('1997', 'El Salvador', 577),
('1997', 'Kiribati', 5),
('1996', 'Ukraine', 15160),
('1997', 'Kuwait', 33),
('1996', 'United Kingdom', 4165),
('1997', 'Saint Lucia', 9),
('1997', 'Thailand', 4150),
('1998', 'Chile', 1031),
('1997', 'Kyrgyzstan', 496),
('1996', 'United States', 30879),
('1997', 'Saint Vincent and Grenadines', 3),
('1997', 'Trinidad and Tobago', 160),
('1998', 'Colombia', 2052),
('1997', 'Latvia', 886),
('1996', 'Uruguay', 393),
('1997', 'Turkmenistan', 333),
('1997', 'Estonia', 522),
('1998', 'Costa Rica', 223),
('1997', 'Lithuania', 1632),
('1997', 'Ukraine', 14903),
('1997', 'Finland', 1322),
('1996', 'Uzbekistan', 1699),
('1998', 'Croatia', 1029),
('1997', 'Luxembourg', 81),
('1997', 'France', 11139),
('1998', 'Cuba', 2056),
('1997', 'Malta', 15),
('1997', 'United Kingdom', 4143),
('1998', 'Czech Republic', 1613),
('1997', 'Mauritius', 122),
('1998', 'Denmark', 763),
('1997', 'Georgia', 176),
('1997', 'United States', 30517),
('1998', 'Georgia', 148),
('1997', 'Singapore', 303),
('1998', 'Ecuador', 546),
('1997', 'Uruguay', 456),
('1998', 'Kiribati', 4),
('1998', 'Germany', 11654),
('1997', 'Slovakia', 630),
('1998', 'Norway', 548),
('1998', 'El Salvador', 512),
('1998', 'Kuwait', 35),
('1997', 'Germany', 12256),
('1997', 'Uzbekistan', 1554),
('1998', 'Greece', 403),
('1998', 'Panama', 148),
('1997', 'Slovenia', 593),
('1998', 'Estonia', 477),
('1998', 'Kyrgyzstan', 509),
('1998', 'Albania', 154),
('1998', 'Paraguay', 138),
('1998', 'Guatemala', 201),
('1997', 'South Africa', 104),
('1998', 'Antigua and Barbuda', 0),
('1998', 'Latvia', 839),
('1998', 'Philippines', 883),
('1998', 'Finland', 1228),
('1998', 'Guyana', 35),
('1999', 'Austria', 1555),
('1998', 'Lithuania', 1553),
('1998', 'Argentina', 2347),
('1998', 'Singapore', 328),
('1998', 'Portugal', 556),
('1997', 'Spain', 3373),
('1998', 'Hungary', 3245),
('1998', 'France', 10534),
('1998', 'Luxembourg', 64),
('1998', 'Armenia', 66),
('1998', 'Puerto Rico', 321),
('1999', 'Azerbaijan', 54),
('1998', 'Slovakia', 673),
('1997', 'Sri Lanka', 5887),
('1999', 'Bahamas', 6),
('1998', 'Iceland', 30),
('1998', 'Malta', 12),
('1998', 'Republic of Korea', 8569),
('1997', 'Suriname', 32),
('1998', 'Slovenia', 612),
('1999', 'Bahrain', 17),
('1998', 'Ireland', 498),
('1998', 'Mauritius', 155),
('1998', 'Romania', 2838),
('1998', 'South Africa', 180),
('1997', 'Sweden', 1201),
('1999', 'Belarus', 3397),
('1998', 'Israel', 318),
('1998', 'Mexico', 3312),
('1998', 'Russian Federation', 51518),
('1998', 'Spain', 3261),
('1997', 'Switzerland', 1341),
('1999', 'Belgium', 1857),
('1998', 'Italy', 4504),
('1998', 'Netherlands', 1519),
('1998', 'Saint Lucia', 8),
('1998', 'Sri Lanka', 5518),
('1999', 'Belize', 18),
('1998', 'Japan', 31458),
('1998', 'New Zealand', 574),
('1998', 'Saint Vincent and Grenadines', 10),
('1997', 'Greece', 374),
('1999', 'Brazil', 6507),
('1998', 'Australia', 2632),
('1998', 'Suriname', 29),
('1997', 'Mexico', 3350),
('1998', 'Kazakhstan', 4313),
('1999', 'Costa Rica', 233),
('1998', 'Serbia', 1460),
('1999', 'Bulgaria', 1307),
('1998', 'Sweden', 1231),
('1999', 'Croatia', 989),
('1999', 'Canada', 4074),
('1998', 'Switzerland', 1371),
('1999', 'Cuba', 2050),
('1999', 'Chile', 1041),
('1998', 'Thailand', 4963),
('1999', 'Colombia', 2143),
('1999', 'Cyprus', 1),
('1998', 'Trinidad and Tobago', 171),
('1999', 'Czech Republic', 1610),
('1999', 'Denmark', 762),
('1999', 'Ecuador', 616),
('1999', 'El Salvador', 515),
('1999', 'Georgia', 189),
('1999', 'Estonia', 468),
('1998', 'Austria', 1559),
('1997', 'Guatemala', 179),
('1997', 'Netherlands', 1572),
('1999', 'Germany', 11160),
('1999', 'Finland', 1207),
('1998', 'Azerbaijan', 56),
('1997', 'Guyana', 40),
('1997', 'New Zealand', 562),
('1999', 'France', 10268),
('1997', 'Hungary', 3208),
('1998', 'Bahamas', 3),
('1997', 'Norway', 533),
('1999', 'Greece', 381),
('1997', 'Iceland', 33),
('1998', 'Bahrain', 0),
('1997', 'Panama', 145),
('1999', 'Guatemala', 234),
('1997', 'Ireland', 466),
('1998', 'Belarus', 3556),
('1997', 'Paraguay', 126),
('1999', 'Guyana', 163),
('1998', 'Belgium', 2019),
('1997', 'Philippines', 814),
('1998', 'Belize', 12),
('1997', 'Portugal', 628),
('1999', 'Hungary', 3326),
('1998', 'Brazil', 6922),
('1997', 'Puerto Rico', 273),
('1999', 'Iceland', 31),
('1998', 'Turkmenistan', 405),
('1998', 'Bulgaria', 1503),
('1997', 'Republic of Korea', 6024),
('1999', 'Ireland', 424),
('1998', 'Ukraine', 14789),
('1998', 'Canada', 3699),
('1997', 'Romania', 2859),
('1999', 'Israel', 368),
('1999', 'Italy', 4115),
('1998', 'United Kingdom', 4389),
('1997', 'Russian Federation', 54746),
('1999', 'Japan', 31115),
('1998', 'United States', 30558),
('1999', 'Kazakhstan', 3991),
('1998', 'Uruguay', 521),
('1998', 'Uzbekistan', 1620),
('1999', 'Albania', 139),
('1999', 'Panama', 143),
('1999', 'Paraguay', 161),
('1999', 'Antigua and Barbuda', 0),
('1999', 'Philippines', 1043),
('1999', 'Poland', 5779),
('1999', 'Portugal', 545),
('1999', 'Argentina', 2423),
('1999', 'Kiribati', 0),
('1999', 'Puerto Rico', 289),
('1999', 'Republic of Korea', 7075),
('1999', 'Romania', 2736),
('1999', 'Armenia', 67),
('1999', 'Kuwait', 46),
('1999', 'Russian Federation', 56974),
('1999', 'San Marino', 2),
('1999', 'Aruba', 9),
('1999', 'Kyrgyzstan', 556),
('1999', 'Saint Lucia', 8),
('1999', 'Serbia', 1571),
('1999', 'Australia', 2488),
('1999', 'Latvia', 763),
('1999', 'Saint Vincent and Grenadines', 6),
('1999', 'Singapore', 277),
('1999', 'Lithuania', 1550),
('1999', 'Slovakia', 692),
('1999', 'Luxembourg', 70),
('1999', 'Trinidad and Tobago', 139),
('1999', 'Slovenia', 590),
('1999', 'Malta', 27),
('1999', 'Turkmenistan', 442),
('1999', 'South Africa', 279),
('1999', 'Ukraine', 14363),
('1999', 'Mauritius', 174),
('1999', 'Spain', 3220),
('1999', 'Mexico', 3327),
('1999', 'United Kingdom', 4448),
('1999', 'Sri Lanka', 5619),
('2000', 'Aruba', 10),
('1999', 'United States', 29183),
('1999', 'Netherlands', 1519),
('1999', 'Suriname', 49),
('2000', 'Australia', 2391),
('1999', 'New Zealand', 516),
('1999', 'Uruguay', 450),
('1999', 'Sweden', 1220),
('2000', 'Austria', 1588),
('1999', 'Norway', 583),
('1999', 'Uzbekistan', 1795),
('1999', 'Switzerland', 1296),
('2000', 'Azerbaijan', 62),
('2000', 'Albania', 54),
('1999', 'Thailand', 5276),
('2000', 'Bahamas', 11),
('2000', 'Antigua and Barbuda', 2),
('2000', 'Bahrain', 29),
('2000', 'Argentina', 2774),
('2000', 'Barbados', 10),
('2000', 'Armenia', 61),
('2000', 'Belarus', 3483),
('2000', 'Belgium', 2143),
('2000', 'Belize', 18),
('2000', 'Brazil', 6763),
('2000', 'Bulgaria', 1383),
('2000', 'Finland', 1165),
('2000', 'Canada', 3606),
('2000', 'Jamaica', 3),
('2000', 'Mexico', 3456),
('2000', 'Republic of Korea', 6444),
('2001', 'Denmark', 727),
('2000', 'Chile', 1473),
('2000', 'France', 10849),
('2000', 'Montenegro', 0),
('2000', 'Romania', 2836),
('2000', 'Sri Lanka', 5252),
('2000', 'Japan', 29989),
('2000', 'Colombia', 2358),
('2000', 'Georgia', 130),
('2001', 'Ecuador', 584),
('2000', 'Kazakhstan', 4428),
('2000', 'Russian Federation', 56619),
('2000', 'Netherlands', 1501),
('2000', 'Suriname', 52),
('2001', 'Trinidad and Tobago', 179),
('2001', 'Belarus', 3303),
('2002', 'Aruba', 9),
('2000', 'Costa Rica', 239),
('2000', 'Germany', 11073),
('2001', 'Panama', 162),
('2001', 'El Salvador', 514),
('2000', 'Saint Lucia', 14),
('2000', 'Kiribati', 0),
('2001', 'Belgium', 2165),
('2001', 'Kyrgyzstan', 560),
('2000', 'New Zealand', 458),
('2001', 'Turkmenistan', 445),
('2000', 'Sweden', 1131),
('2002', 'Australia', 2319),
('2000', 'Greece', 382),
('2000', 'Croatia', 926),
('2001', 'Paraguay', 152),
('2001', 'Estonia', 401),
('2000', 'Kuwait', 34),
('2002', 'Canada', 3650),
('2001', 'Belize', 19),
('2001', 'Latvia', 708),
('2000', 'Norway', 541),
('2001', 'Ukraine', 13131),
('2000', 'Switzerland', 1380),
('2002', 'Austria', 1553),
('2000', 'Saint Vincent and Grenadines', 5),
('2001', 'Guatemala', 202),
('2000', 'Guatemala', 182),
('2000', 'Cuba', 1845),
('2001', 'Saint Vincent and Grenadines', 8),
('2001', 'Albania', 119),
('2001', 'Fiji', 36),
('2001', 'Philippines', 1204),
('2001', 'Lithuania', 1533),
('2000', 'Panama', 143),
('2001', 'United Kingdom', 4128),
('2000', 'Thailand', 5182),
('2001', 'Brazil', 7710),
('2002', 'Chile', 1603),
('2000', 'Kyrgyzstan', 510),
('2002', 'Azerbaijan', 92),
('2000', 'Hungary', 3269),
('2000', 'Cyprus', 7),
('2001', 'Finland', 1204),
('2001', 'Poland', 5855),
('2000', 'Paraguay', 154),
('2001', 'Luxembourg', 73),
('2001', 'Bulgaria', 1314),
('2001', 'United States', 30607),
('2002', 'Colombia', 2379),
('2000', 'Trinidad and Tobago', 166),
('2000', 'Latvia', 770),
('2001', 'Antigua and Barbuda', 2),
('2000', 'San Marino', 1),
('2001', 'Guyana', 197),
('2001', 'Serbia', 1442),
('2002', 'Bahamas', 3),
('2000', 'Iceland', 50),
('2000', 'Czech Republic', 1649),
('2001', 'France', 10449),
('2001', 'Portugal', 761),
('2001', 'Maldives', 3),
('2000', 'Philippines', 1403),
('2001', 'Uruguay', 499),
('2001', 'Canada', 3694),
('2002', 'Costa Rica', 275),
('2000', 'Lithuania', 1631),
('2000', 'Turkmenistan', 383),
('2001', 'Argentina', 3132),
('2000', 'Serbia', 1543),
('2001', 'Hungary', 2978),
('2001', 'Seychelles', 6),
('2002', 'Bahrain', 25),
('2000', 'Denmark', 728),
('2000', 'Ireland', 463),
('2000', 'Poland', 5841),
('2001', 'Puerto Rico', 289),
('2001', 'Georgia', 100),
('2001', 'Malta', 30),
('2001', 'Uzbekistan', 1914),
('2001', 'Armenia', 60),
('2001', 'Chile', 1625),
('2002', 'Croatia', 874),
('2001', 'Iceland', 36),
('2000', 'Singapore', 309),
('2000', 'Ukraine', 14467),
('2000', 'Luxembourg', 62),
('2002', 'Barbados', 0),
('2001', 'Singapore', 305),
('2000', 'Ecuador', 534),
('2000', 'Israel', 394),
('2002', 'Albania', 133),
('2000', 'Portugal', 524),
('2001', 'Colombia', 2412),
('2001', 'Aruba', 4),
('2002', 'Cuba', 1606),
('2000', 'Slovakia', 729),
('2001', 'Ireland', 488),
('2000', 'Maldives', 0),
('2001', 'Qatar', 23),
('2001', 'Slovakia', 692),
('2001', 'Germany', 11167),
('2001', 'Mauritius', 113),
('2002', 'Belarus', 3291),
('2000', 'United Kingdom', 4290),
('2000', 'El Salvador', 461),
('2000', 'Italy', 4108),
('2002', 'Antigua and Barbuda', 0),
('2000', 'Puerto Rico', 305),
('2001', 'Australia', 2458),
('2002', 'Czech Republic', 1534),
('2001', 'Costa Rica', 198),
('2000', 'Estonia', 377),
('2001', 'Israel', 398),
('2001', 'Mexico', 3760),
('2001', 'Austria', 1489),
('2001', 'Greece', 334),
('2001', 'Republic of Korea', 6911),
('2002', 'Denmark', 688),
('2001', 'Croatia', 881),
('2002', 'Belgium', 2076),
('2000', 'Malta', 23),
('2002', 'Argentina', 3162),
('2001', 'Slovenia', 581),
('2000', 'United States', 29343),
('2001', 'Azerbaijan', 317),
('2000', 'Slovenia', 588),
('2002', 'Ecuador', 577),
('2001', 'Montenegro', 0),
('2001', 'Italy', 4030),
('2001', 'Cuba', 1652),
('2002', 'Armenia', 74),
('2001', 'Grenada', 0),
('2001', 'Romania', 2720),
('2000', 'Mauritius', 137),
('2001', 'South Africa', 384),
('2000', 'Uruguay', 555),
('2002', 'Belize', 14),
('2001', 'Bahamas', 1),
('2000', 'South Africa', 267),
('2002', 'El Salvador', 436),
('2001', 'Jamaica', 5),
('2001', 'Netherlands', 1474),
('2001', 'Czech Republic', 1623),
('2001', 'Russian Federation', 56958),
('2001', 'Spain', 3189),
('2000', 'Uzbekistan', 1919),
('2002', 'Brazil', 7697),
('2000', 'Spain', 3394),
('2001', 'Bahrain', 23),
('2002', 'Estonia', 371),
('2001', 'New Zealand', 508),
('2001', 'Saint Lucia', 7),
('2001', 'Japan', 29132),
('2001', 'Sri Lanka', 4590),
('2002', 'Bulgaria', 1317),
('2001', 'Barbados', 2),
('2001', 'Kazakhstan', 4377),
('2001', 'Norway', 549),
('2002', 'Fiji', 42),
('2001', 'Suriname', 72),
('2001', 'Kiribati', 0),
('2001', 'Sweden', 1197),
('2001', 'Switzerland', 1338),
('2001', 'Kuwait', 30),
('2002', 'Finland', 1095),
('2002', 'France', 10643),
('2002', 'Germany', 11176),
('2002', 'Italy', 4069),
('2002', 'Greece', 323),
('2002', 'Jamaica', 2),
('2002', 'Japan', 29715),
('2002', 'Grenada', 0),
('2002', 'Kazakhstan', 4240),
('2002', 'Kuwait', 45),
('2002', 'Guatemala', 258),
('2002', 'Kyrgyzstan', 567),
('2002', 'Latvia', 670),
('2002', 'Guyana', 176),
('2002', 'Mexico', 3826),
('2002', 'Lithuania', 1551),
('2002', 'Hungary', 2839),
('2002', 'Luxembourg', 85),
('2002', 'Montenegro', 0),
('2002', 'Maldives', 3),
('2003', 'Ukraine', 12313),
('2002', 'Iceland', 30),
('2002', 'Netherlands', 1570),
('2003', 'United Kingdom', 3979),
('2003', 'Philippines', 1544),
('2003', 'Lithuania', 1455),
('2002', 'Ireland', 449),
('2002', 'Malta', 19),
('2003', 'Belarus', 3456),
('2003', 'Poland', 5836),
('2003', 'Luxembourg', 48),
('2002', 'New Zealand', 467),
('2003', 'United States', 31477),
('2002', 'Israel', 382),
('2003', 'Belgium', 2091),
('2003', 'Maldives', 4),
('2002', 'Norway', 494),
('2003', 'Portugal', 1156),
('2003', 'Uruguay', 535),
('2002', 'Mauritius', 131),
('2003', 'Belize', 12),
('2003', 'Albania', 124),
('2002', 'Republic of Korea', 8611),
('2003', 'Malta', 20),
('2003', 'Puerto Rico', 262),
('2003', 'Denmark', 633),
('2002', 'Panama', 160),
('2003', 'Uzbekistan', 1416),
('2003', 'Antigua and Barbuda', 1),
('2003', 'Brazil', 7839),
('2002', 'Romania', 3067),
('2003', 'Mauritius', 88),
('2003', 'Guyana', 198),
('2004', 'Germany', 10741),
('2003', 'Republic of Korea', 10898),
('2003', 'Singapore', 320),
('2003', 'Ecuador', 675),
('2002', 'Paraguay', 177),
('2002', 'Sri Lanka', 4382),
('2004', 'Albania', 146),
('2003', 'Argentina', 3289),
('2002', 'Russian Federation', 55024),
('2003', 'Bulgaria', 1092),
('2003', 'Mexico', 4070),
('2003', 'Romania', 2894),
('2003', 'Slovakia', 753),
('2003', 'El Salvador', 527),
('2002', 'Philippines', 1301),
('2003', 'Armenia', 59),
('2002', 'Suriname', 69),
('2004', 'Antigua and Barbuda', 2),
('2003', 'Montenegro', 0),
('2002', 'Saint Lucia', 12),
('2003', 'Canada', 3765),
('2003', 'Russian Federation', 51445),
('2003', 'Hungary', 2800),
('2004', 'Greece', 353),
('2004', 'Azerbaijan', 108),
('2003', 'Slovenia', 562),
('2003', 'Estonia', 342),
('2002', 'Poland', 5925),
('2003', 'Aruba', 2),
('2004', 'Croatia', 871),
('2002', 'Sweden', 1180),
('2004', 'Argentina', 3121),
('2003', 'Netherlands', 1502),
('2003', 'Chile', 1654),
('2002', 'Saint Vincent and Grenadines', 7),
('2003', 'Saint Lucia', 10),
('2002', 'Portugal', 1210),
('2003', 'South Africa', 256),
('2003', 'Fiji', 10),
('2003', 'Australia', 2156),
('2002', 'Switzerland', 1446),
('2004', 'Aruba', 8),
('2004', 'Cuba', 1515),
('2003', 'Iceland', 26),
('2004', 'Grenada', 1),
('2004', 'Bahamas', 2),
('2002', 'Serbia', 1446),
('2003', 'New Zealand', 519),
('2003', 'Colombia', 2269),
('2002', 'Puerto Rico', 239),
('2003', 'Spain', 3478),
('2003', 'Finland', 1075),
('2003', 'Saint Vincent and Grenadines', 4),
('2003', 'Austria', 1456),
('2002', 'Thailand', 4902),
('2004', 'Australia', 2114),
('2002', 'Seychelles', 5),
('2004', 'Cyprus', 7),
('2004', 'Bahrain', 42),
('2004', 'Guatemala', 250),
('2003', 'Ireland', 454),
('2003', 'Norway', 502),
('2003', 'Costa Rica', 315),
('2003', 'Sri Lanka', 4467),
('2003', 'Serbia', 1378),
('2003', 'Azerbaijan', 129),
('2003', 'France', 10871),
('2002', 'Trinidad and Tobago', 156),
('2003', 'Israel', 417),
('2004', 'Czech Republic', 1583),
('2002', 'Singapore', 321),
('2004', 'Austria', 1422),
('2004', 'Barbados', 3),
('2004', 'Guyana', 186),
('2003', 'Panama', 195),
('2003', 'Croatia', 865),
('2003', 'Suriname', 77),
('2003', 'Seychelles', 8),
('2003', 'Bahamas', 1),
('2003', 'Germany', 11155),
('2002', 'Turkmenistan', 416),
('2003', 'Italy', 4075),
('2002', 'Slovakia', 717),
('2004', 'Denmark', 661),
('2004', 'Hungary', 2742),
('2004', 'Belgium', 1987),
('2003', 'Paraguay', 174),
('2003', 'Cuba', 1499),
('2003', 'Sweden', 1112),
('2003', 'Bahrain', 34),
('2003', 'Greece', 375),
('2002', 'Ukraine', 12536),
('2003', 'Jamaica', 2),
('2004', 'Belize', 20),
('2004', 'Iceland', 35),
('2002', 'Slovenia', 540),
('2004', 'Ecuador', 791),
('2003', 'Switzerland', 1269),
('2003', 'Czech Republic', 1719),
('2003', 'Barbados', 0),
('2003', 'Grenada', 4),
('2003', 'Japan', 31881),
('2002', 'South Africa', 236),
('2004', 'El Salvador', 464),
('2004', 'Brazil', 7995),
('2004', 'Ireland', 464),
('2002', 'United Kingdom', 4117),
('2003', 'Thailand', 4484),
('2003', 'Guatemala', 253),
('2003', 'Kazakhstan', 4321),
('2002', 'Spain', 3372),
('2004', 'Bulgaria', 1013),
('2004', 'Estonia', 323),
('2004', 'Israel', 411),
('2003', 'Trinidad and Tobago', 144),
('2002', 'United States', 31645),
('2004', 'Fiji', 24),
('2003', 'Turkmenistan', 377),
('2002', 'Uruguay', 675),
('2004', 'Italy', 3986),
('2004', 'Canada', 3613),
('2003', 'Kuwait', 44),
('2002', 'Uzbekistan', 1576),
('2004', 'Jamaica', 1),
('2004', 'Chile', 1735),
('2004', 'Finland', 1064),
('2003', 'Kyrgyzstan', 479),
('2004', 'Colombia', 2244),
('2004', 'France', 10804),
('2003', 'Latvia', 604),
('2004', 'Costa Rica', 325),
('2004', 'Georgia', 175),
('2004', 'Netherlands', 1514),
('2004', 'Japan', 30034),
('2004', 'Kazakhstan', 4394),
('2004', 'New Zealand', 495),
('2004', 'Kuwait', 45),
('2004', 'Norway', 529),
('2004', 'Kyrgyzstan', 438),
('2004', 'Panama', 186),
('2004', 'Latvia', 563),
('2004', 'Paraguay', 234),
('2006', 'Antigua and Barbuda', 0),
('2005', 'Montenegro', 118),
('2004', 'Lithuania', 1380),
('2005', 'Saint Lucia', 4),
('2005', 'Costa Rica', 272),
('2005', 'Netherlands', 1574),
('2004', 'Poland', 6072),
('2005', 'Georgia', 87),
('2006', 'Argentina', 3108),
('2004', 'Thailand', 4296),
('2005', 'Saint Vincent and Grenadines', 8),
('2004', 'Luxembourg', 62),
('2005', 'Croatia', 874),
('2006', 'Armenia', 78),
('2004', 'Puerto Rico', 279),
('2005', 'Germany', 10270),
('2005', 'New Zealand', 514),
('2006', 'Aruba', 9),
('2004', 'Trinidad and Tobago', 168),
('2005', 'San Marino', 1),
('2005', 'Cuba', 1397),
('2004', 'Maldives', 1),
('2005', 'Norway', 533),
('2004', 'Turkmenistan', 392),
('2006', 'Australia', 2117),
('2005', 'Japan', 30369),
('2004', 'Qatar', 21),
('2005', 'Greece', 400),
('2005', 'Serbia', 1437),
('2005', 'Cyprus', 17),
('2004', 'Malta', 24),
('2004', 'Saint Lucia', 8),
('2006', 'Austria', 1297),
('2005', 'Kazakhstan', 3903),
('2005', 'Panama', 172),
('2004', 'Ukraine', 11256),
('2004', 'Republic of Korea', 11492),
('2005', 'Grenada', 6),
('2005', 'Seychelles', 5),
('2005', 'Kuwait', 52),
('2006', 'Bahamas', 2),
('2005', 'Paraguay', 239),
('2005', 'Czech Republic', 1565),
('2004', 'United Kingdom', 4183),
('2004', 'Saint Vincent and Grenadines', 4),
('2004', 'Mauritius', 97),
('2004', 'Romania', 2720),
('2005', 'Singapore', 359),
('2005', 'Sweden', 1219),
('2006', 'El Salvador', 411),
('2005', 'Guatemala', 238),
('2005', 'Denmark', 631),
('2005', 'Kyrgyzstan', 470),
('2006', 'Bahrain', 28),
('2004', 'Mexico', 4056),
('2005', 'Switzerland', 1299),
('2005', 'Ecuador', 943),
('2005', 'Slovakia', 679),
('2006', 'Estonia', 247),
('2004', 'United States', 32428),
('2004', 'Montenegro', 0),
('2005', 'Poland', 6045),
('2004', 'Serbia', 1345),
('2006', 'Barbados', 9),
('2005', 'Latvia', 564),
('2006', 'Bulgaria', 977),
('2004', 'Russian Federation', 49096),
('2005', 'Guyana', 169),
('2005', 'Austria', 1399),
('2005', 'Thailand', 3937),
('2006', 'Fiji', 24),
('2005', 'Lithuania', 1319),
('2005', 'Slovenia', 503),
('2005', 'El Salvador', 455),
('2006', 'Belgium', 1935),
('2005', 'Hungary', 2619),
('2005', 'Bahamas', 4),
('2005', 'Puerto Rico', 289),
('2004', 'Uruguay', 520),
('2006', 'Canada', 3512),
('2004', 'Seychelles', 6),
('2006', 'Luxembourg', 65),
('2006', 'Iceland', 32),
('2005', 'Luxembourg', 49),
('2006', 'Belize', 11),
('2006', 'Finland', 1062),
('2005', 'Trinidad and Tobago', 136),
('2005', 'Estonia', 273),
('2005', 'South Africa', 458),
('2005', 'Iceland', 33),
('2005', 'Bahrain', 42),
('2004', 'Uzbekistan', 1251),
('2005', 'Qatar', 17),
('2006', 'Chile', 1795),
('2004', 'Singapore', 335),
('2006', 'Ireland', 452),
('2006', 'Malta', 26),
('2006', 'France', 10423),
('2005', 'Fiji', 22),
('2005', 'Spain', 3399),
('2005', 'Albania', 0),
('2005', 'Ireland', 451),
('2005', 'Republic of Korea', 12011),
('2006', 'Brazil', 8618),
('2005', 'Maldives', 1),
('2005', 'Barbados', 1),
('2005', 'Turkmenistan', 468),
('2006', 'Colombia', 2177),
('2004', 'Slovakia', 676),
('2006', 'Israel', 367),
('2006', 'Mauritius', 118),
('2005', 'Suriname', 72),
('2006', 'Georgia', 72),
('2005', 'Finland', 994),
('2005', 'Romania', 2603),
('2005', 'Antigua and Barbuda', 0),
('2005', 'Israel', 425),
('2005', 'Malta', 19),
('2005', 'Belgium', 2029),
('2005', 'Ukraine', 10621),
('2004', 'Slovenia', 512),
('2006', 'Costa Rica', 350),
('2006', 'Italy', 3700),
('2006', 'Mexico', 4230),
('2005', 'France', 10713),
('2006', 'Germany', 9775),
('2005', 'Italy', 3742),
('2005', 'Belize', 12),
('2005', 'Mauritius', 102),
('2005', 'United Arab Emirates', 96),
('2006', 'Jamaica', 0),
('2005', 'Argentina', 3058),
('2005', 'Russian Federation', 45802),
('2006', 'Croatia', 796),
('2004', 'South Africa', 383),
('2006', 'Montenegro', 0),
('2006', 'Greece', 394),
('2005', 'Brazil', 8529),
('2005', 'Jamaica', 51),
('2005', 'Mexico', 4274),
('2005', 'United Kingdom', 4047),
('2006', 'Japan', 29769),
('2005', 'Aruba', 10),
('2006', 'Cuba', 1376),
('2004', 'Spain', 3508),
('2006', 'Netherlands', 1525),
('2006', 'Grenada', 1),
('2005', 'Bulgaria', 982),
('2005', 'United States', 32629),
('2006', 'Kazakhstan', 4076),
('2006', 'Cyprus', 19),
('2004', 'Suriname', 67),
('2006', 'New Zealand', 527),
('2006', 'Guatemala', 298),
('2005', 'Canada', 3743),
('2005', 'Uruguay', 498),
('2006', 'Norway', 532),
('2006', 'Kuwait', 45),
('2006', 'Czech Republic', 1400),
('2006', 'Guyana', 201),
('2004', 'Sweden', 1155),
('2005', 'Uzbekistan', 1221),
('2005', 'Chile', 1682),
('2006', 'Panama', 185),
('2006', 'Denmark', 650),
('2006', 'Albania', 0),
('2004', 'Switzerland', 1284),
('2006', 'Hungary', 2461),
('2006', 'Paraguay', 251),
('2006', 'Ecuador', 900),
('2006', 'Kyrgyzstan', 463),
('2005', 'Colombia', 2102),
('2006', 'Latvia', 487),
('2006', 'Philippines', 1788),
('2006', 'Lithuania', 1049),
('2006', 'Poland', 5805),
('2006', 'United Kingdom', 4122),
('2006', 'United States', 33292),
('2006', 'South Africa', 514),
('2007', 'Kuwait', 51),
('2007', 'Bahrain', 40),
('2006', 'Uruguay', 528),
('2006', 'Spain', 3247),
('2007', 'New Zealand', 494),
('2007', 'Barbados', 0),
('2007', 'Kyrgyzstan', 482),
('2007', 'Albania', 124),
('2006', 'Sri Lanka', 4015),
('2007', 'Saint Vincent and Grenadines', 11),
('2007', 'Norway', 485),
('2007', 'Latvia', 453),
('2007', 'Belarus', 2659),
('2007', 'Antigua and Barbuda', 1),
('2007', 'Serbia', 1353),
('2006', 'Suriname', 112),
('2007', 'Belgium', 1857),
('2007', 'Lithuania', 1025),
('2007', 'Argentina', 2946),
('2007', 'Seychelles', 6),
('2007', 'Luxembourg', 78),
('2007', 'Belize', 8),
('2007', 'Panama', 171),
('2007', 'Singapore', 328),
('2007', 'Armenia', 71),
('2006', 'Sweden', 1197),
('2007', 'Brazil', 8855),
('2007', 'Maldives', 5),
('2007', 'Paraguay', 227),
('2006', 'Switzerland', 1309),
('2007', 'Slovakia', 0),
('2007', 'Aruba', 8),
('2007', 'Malta', 26),
('2007', 'Bulgaria', 902),
('2007', 'Philippines', 1698),
('2006', 'Thailand', 3608),
('2007', 'Canada', 3611),
('2007', 'Mauritius', 127),
('2008', 'Aruba', 4),
('2007', 'Poland', 5284),
('2008', 'Chile', 2088),
('2006', 'Trinidad and Tobago', 141),
('2007', 'Chile', 1848),
('2007', 'Mexico', 4285),
('2008', 'Australia', 2341),
('2007', 'Portugal', 1020),
('2008', 'Colombia', 2220),
('2006', 'Turkmenistan', 506),
('2008', 'Mexico', 4642),
('2007', 'Colombia', 2181),
('2008', 'Austria', 1267),
('2007', 'Montenegro', 121),
('2007', 'Puerto Rico', 271),
('2008', 'Costa Rica', 261),
('2006', 'Ukraine', 10013),
('2008', 'Montenegro', 126),
('2007', 'Costa Rica', 270),
('2007', 'Netherlands', 1354),
('2008', 'Bahamas', 4),
('2008', 'Netherlands', 1439),
('2008', 'Bahrain', 43),
('2007', 'Qatar', 41),
('2008', 'Croatia', 793),
('2006', 'United Arab Emirates', 90),
('2008', 'Barbados', 1),
('2008', 'New Zealand', 520),
('2008', 'Cuba', 1377),
('2007', 'Republic of Korea', 12174),
('2007', 'Australia', 2229),
('2007', 'Slovenia', 434),
('2008', 'Fiji', 37),
('2008', 'Belarus', 2658),
('2008', 'Cyprus', 41),
('2008', 'Norway', 505),
('2007', 'Romania', 2430),
('2007', 'Austria', 1285),
('2008', 'Finland', 1033),
('2007', 'South Africa', 417),
('2008', 'Belgium', 1999),
('2008', 'Panama', 186),
('2008', 'Czech Republic', 1379),
('2007', 'Russian Federation', 41149),
('2008', 'Belize', 11),
('2008', 'Paraguay', 222),
('2008', 'Denmark', 603),
('2008', 'Brazil', 9184),
('2008', 'Ecuador', 928),
('2008', 'Philippines', 1820),
('2006', 'Puerto Rico', 265),
('2008', 'Bulgaria', 939),
('2008', 'Poland', 5682),
('2006', 'Qatar', 29),
('2008', 'El Salvador', 490),
('2008', 'Canada', 3705),
('2008', 'Portugal', 1038),
('2006', 'Republic of Korea', 10653),
('2008', 'Estonia', 242),
('2008', 'Puerto Rico', 300),
('2006', 'Romania', 2721),
('2007', 'Croatia', 775),
('2007', 'Germany', 9409),
('2008', 'Qatar', 33),
('2006', 'Russian Federation', 42614),
('2007', 'Cuba', 1307),
('2007', 'Greece', 328),
('2006', 'Saint Lucia', 2),
('2007', 'Cyprus', 19),
('2007', 'Grenada', 3),
('2007', 'Czech Republic', 1379),
('2006', 'Saint Vincent and Grenadines', 6),
('2007', 'Guatemala', 327),
('2007', 'Denmark', 581),
('2007', 'Guyana', 185),
('2006', 'Serbia', 1443),
('2007', 'Thailand', 3754),
('2008', 'Italy', 3904),
('2007', 'Ecuador', 1005),
('2007', 'Azerbaijan', 55),
('2008', 'France', 10353),
('2007', 'Spain', 3264),
('2008', 'Republic of Korea', 12858),
('2007', 'Hungary', 2450),
('2006', 'Seychelles', 8),
('2007', 'El Salvador', 501),
('2007', 'Bahamas', 5),
('2007', 'Trinidad and Tobago', 131),
('2008', 'Japan', 30073),
('2008', 'Romania', 2472),
('2007', 'Suriname', 119),
('2006', 'Singapore', 372),
('2007', 'Iceland', 37),
('2008', 'Germany', 9459),
('2007', 'Sweden', 1126),
('2008', 'Greece', 373),
('2008', 'Russian Federation', 38211),
('2008', 'Grenada', 0),
('2007', 'Switzerland', 1360),
('2008', 'Saint Lucia', 0),
('2008', 'Guatemala', 492),
('2008', 'Saint Vincent and Grenadines', 4),
('2008', 'Guyana', 168),
('2008', 'Serbia', 1289),
('2008', 'Hungary', 2476),
('2008', 'Seychelles', 4),
('2008', 'Iceland', 38),
('2008', 'Kazakhstan', 3997),
('2007', 'Estonia', 251),
('2006', 'Slovakia', 0),
('2007', 'Turkmenistan', 354),
('2007', 'Ireland', 458),
('2008', 'Ireland', 506),
('2008', 'Singapore', 319),
('2008', 'Kuwait', 47),
('2007', 'Fiji', 13),
('2007', 'Ukraine', 10032),
('2006', 'Slovenia', 529),
('2007', 'Israel', 326),
('2008', 'Israel', 354),
('2008', 'Slovakia', 591),
('2008', 'Kyrgyzstan', 473),
('2007', 'Finland', 995),
('2007', 'Italy', 3757),
('2007', 'United Arab Emirates', 101),
('2007', 'France', 10127),
('2008', 'Latvia', 527),
('2007', 'Japan', 30665),
('2007', 'United Kingdom', 3897),
('2007', 'Kazakhstan', 4141),
('2007', 'Georgia', 104),
('2008', 'Lithuania', 1111),
('2007', 'United States', 34596),
('2008', 'Luxembourg', 43),
('2007', 'Uruguay', 576),
('2008', 'Slovenia', 408),
('2008', 'South Africa', 441),
('2008', 'Albania', 160),
('2008', 'Maldives', 0),
('2008', 'Spain', 3457),
('2008', 'Malta', 14),
('2008', 'Antigua and Barbuda', 0),
('2008', 'Mauritius', 84),
('2008', 'Argentina', 3059),
('2008', 'Armenia', 63),
('2008', 'Suriname', 147),
('2008', 'Sweden', 1170),
('2008', 'Switzerland', 1314),
('2008', 'Thailand', 3778),
('2008', 'Trinidad and Tobago', 199),
('2008', 'Turkmenistan', 484),
('2008', 'Ukraine', 9454),
('2009', 'Belize', 15),
('2009', 'Albania', 0),
('2009', 'Denmark', 622),
('2009', 'Lithuania', 1138),
('2009', 'Paraguay', 283),
('2009', 'Guyana', 156),
('2009', 'Luxembourg', 48),
('2008', 'United Arab Emirates', 100),
('2009', 'Hungary', 2460),
('2009', 'Ecuador', 964),
('2009', 'Philippines', 2074),
('2009', 'Brazil', 9346),
('2009', 'Antigua and Barbuda', 0),
('2009', 'Poland', 6477),
('2009', 'Argentina', 2884),
('2009', 'Iceland', 36),
('2009', 'El Salvador', 506),
('2009', 'Malta', 36),
('2008', 'United Kingdom', 4259),
('2009', 'Bulgaria', 868),
('2009', 'Mauritius', 115),
('2009', 'Armenia', 53),
('2009', 'Ireland', 527),
('2008', 'United States', 36030),
('2009', 'Portugal', 1025),
('2009', 'Canada', 3890),
('2009', 'Estonia', 269),
('2009', 'Aruba', 4),
('2009', 'Mexico', 5023),
('2009', 'Israel', 404),
('2009', 'Fiji', 26),
('2008', 'Uruguay', 523),
('2009', 'Chile', 2148),
('2009', 'Puerto Rico', 330),
('2009', 'Australia', 2337),
('2009', 'Montenegro', 107),
('2009', 'Italy', 3974),
('2009', 'Finland', 1034),
('2009', 'Qatar', 44),
('2009', 'Colombia', 2249),
('2009', 'Austria', 1278),
('2009', 'Costa Rica', 278),
('2009', 'Jamaica', 36),
('2009', 'Netherlands', 1530),
('2009', 'Republic of Korea', 15402),
('2009', 'France', 10499),
('2009', 'Bahamas', 6),
('2009', 'Japan', 30523),
('2009', 'New Zealand', 512),
('2009', 'Croatia', 790),
('2009', 'Bahrain', 36),
('2009', 'Kazakhstan', 3838),
('2009', 'Norway', 573),
('2009', 'Georgia', 188),
('2009', 'Romania', 2586),
('2009', 'Cuba', 1477),
('2009', 'Russian Federation', 37408),
('2009', 'Cyprus', 32),
('2009', 'Germany', 9579),
('2009', 'Barbados', 5),
('2009', 'Kuwait', 61),
('2009', 'Oman', 13),
('2009', 'Czech Republic', 1464),
('2009', 'Kyrgyzstan', 458),
('2009', 'Panama', 177),
('2009', 'Belarus', 2743),
('2009', 'Latvia', 516),
('2009', 'Belgium', 2013),
('2009', 'Saint Lucia', 13),
('2009', 'Greece', 391),
('2009', 'Saint Vincent and Grenadines', 1),
('2009', 'Grenada', 0),
('2009', 'Serbia', 1373),
('2009', 'Guatemala', 511),
('2009', 'Turkey', 1050),
('2009', 'Turkmenistan', 165),
('2010', 'Netherlands', 1604),
('2010', 'New Zealand', 536),
('2009', 'Ukraine', 9715),
('2010', 'Nicaragua', 351),
('2009', 'United Arab Emirates', 124),
('2009', 'United Kingdom', 4246),
('2010', 'Norway', 548),
('2009', 'United States', 36900),
('2010', 'Oman', 13),
('2010', 'Colombia', 2107),
('2009', 'Seychelles', 4),
('2010', 'Panama', 151),
('2009', 'Uruguay', 511),
('2010', 'Costa Rica', 311),
('2009', 'Singapore', 349),
('2010', 'Paraguay', 223),
('2009', 'Uzbekistan', 1399),
('2009', 'Slovakia', 601),
('2010', 'Croatia', 776),
('2010', 'Philippines', 2116),
('2010', 'Albania', 96),
('2010', 'Argentina', 2943),
('2010', 'Poland', 6357),
('2010', 'Cuba', 1558),
('2010', 'France', 10379),
('2009', 'Slovenia', 447),
('2010', 'Spain', 3158),
('2010', 'Armenia', 73),
('2010', 'Portugal', 1099),
('2010', 'Cyprus', 38),
('2010', 'Georgia', 112),
('2009', 'South Africa', 372),
('2010', 'Suriname', 136),
('2010', 'Puerto Rico', 286),
('2010', 'Aruba', 7),
('2010', 'Czech Republic', 1502),
('2010', 'Germany', 10030),
('2009', 'Spain', 3429),
('2010', 'Sweden', 1141),
('2010', 'Denmark', 563),
('2010', 'Greece', 377),
('2009', 'Suriname', 131),
('2010', 'Switzerland', 1006),
('2010', 'Qatar', 47),
('2010', 'Ecuador', 912),
('2010', 'Republic of Korea', 15558),
('2010', 'Grenada', 0),
('2010', 'Thailand', 3761),
('2009', 'Sweden', 1242),
('2011', 'Belgium', 2088),
('2010', 'El Salvador', 399),
('2010', 'Romania', 2766),
('2010', 'United States', 38362),
('2010', 'Trinidad and Tobago', 160),
('2010', 'Guatemala', 352),
('2009', 'Switzerland', 1105),
('2010', 'Australia', 2420),
('2011', 'Belize', 33),
('2010', 'Estonia', 223),
('2010', 'Russian Federation', 33356),
('2010', 'Jamaica', 3),
('2010', 'Uruguay', 547),
('2010', 'Guyana', 205),
('2010', 'Turkey', 1524),
('2009', 'Thailand', 3787),
('2011', 'Cyprus', 30),
('2011', 'Bosnia and Herzegovina', 5),
('2010', 'Austria', 1264),
('2010', 'Finland', 954),
('2010', 'Saint Lucia', 4),
('2010', 'Japan', 29411),
('2010', 'Uzbekistan', 1464),
('2010', 'Hungary', 2489),
('2011', 'Czech Republic', 1590),
('2009', 'Trinidad and Tobago', 128),
('2010', 'Turkmenistan', 178),
('2010', 'Bahamas', 10),
('2011', 'Brazil', 9822),
('2010', 'Saint Vincent and Grenadines', 5),
('2010', 'Kazakhstan', 3609),
('2011', 'Argentina', 2912),
('2010', 'Iceland', 46),
('2011', 'Denmark', 589),
('2010', 'Bahrain', 19),
('2011', 'Bulgaria', 763),
('2010', 'Ukraine', 9089),
('2010', 'Serbia', 1207),
('2010', 'Kuwait', 39),
('2011', 'Armenia', 67),
('2010', 'Ireland', 486),
('2011', 'Ecuador', 918),
('2010', 'Barbados', 3),
('2011', 'Cabo Verde', 42),
('2010', 'United Arab Emirates', 111),
('2010', 'Seychelles', 6),
('2010', 'Kyrgyzstan', 500),
('2011', 'Aruba', 9),
('2010', 'Israel', 480),
('2011', 'El Salvador', 485),
('2011', 'Canada', 3728),
('2010', 'Belarus', 2459),
('2011', 'Nicaragua', 369),
('2010', 'Singapore', 296),
('2011', 'Australia', 2392),
('2010', 'United Kingdom', 4188),
('2011', 'Greece', 477),
('2010', 'Italy', 3989),
('2010', 'Latvia', 438),
('2011', 'Chile', 2027),
('2010', 'Belgium', 2013),
('2010', 'Slovakia', 631),
('2011', 'Norway', 598),
('2010', 'Lithuania', 1018),
('2011', 'Austria', 1288),
('2011', 'Grenada', 1),
('2011', 'Estonia', 218),
('2011', 'Kuwait', 41),
('2011', 'Colombia', 2044),
('2010', 'Belize', 15),
('2010', 'Slovenia', 414),
('2011', 'Panama', 144);
INSERT INTO `year_country_depression_no` (`year`, `country`, `depressed_count`) VALUES
('2011', 'Guatemala', 359),
('2010', 'Luxembourg', 54),
('2011', 'Bahamas', 4),
('2011', 'Fiji', 38),
('2011', 'Kyrgyzstan', 471),
('2011', 'Costa Rica', 316),
('2010', 'Brazil', 9429),
('2011', 'Paraguay', 298),
('2010', 'South Africa', 393),
('2011', 'Guyana', 192),
('2011', 'Bahrain', 18),
('2010', 'Maldives', 1),
('2011', 'Finland', 912),
('2011', 'Latvia', 440),
('2010', 'Bulgaria', 859),
('2011', 'Croatia', 702),
('2011', 'Philippines', 2449),
('2011', 'Barbados', 0),
('2010', 'Malta', 31),
('2011', 'France', 10408),
('2011', 'Hungary', 2420),
('2011', 'Lithuania', 1018),
('2010', 'Canada', 3951),
('2011', 'Cuba', 1529),
('2011', 'Poland', 6113),
('2010', 'Mauritius', 98),
('2011', 'Belarus', 2172),
('2011', 'Georgia', 99),
('2011', 'Luxembourg', 55),
('2010', 'Chile', 2001),
('2011', 'Portugal', 1017),
('2010', 'Mexico', 4858),
('2011', 'Germany', 10153),
('2011', 'Maldives', 2),
('2011', 'Puerto Rico', 258),
('2011', 'Malta', 20),
('2011', 'Iceland', 27),
('2011', 'Saint Lucia', 8),
('2011', 'Qatar', 50),
('2011', 'Mauritius', 118),
('2011', 'Ireland', 554),
('2011', 'Saint Vincent and Grenadines', 5),
('2011', 'Republic of Korea', 15906),
('2011', 'Mexico', 5558),
('2011', 'Serbia', 1256),
('2011', 'Romania', 2536),
('2011', 'Netherlands', 1650),
('2011', 'Seychelles', 5),
('2011', 'Russian Federation', 31038),
('2011', 'Israel', 409),
('2011', 'New Zealand', 493),
('2011', 'Singapore', 308),
('2011', 'Italy', 4153),
('2011', 'Jamaica', 50),
('2011', 'Japan', 28766),
('2011', 'Slovenia', 435),
('2011', 'South Africa', 358),
('2011', 'Kazakhstan', 3401),
('2011', 'Spain', 3180),
('2011', 'Suriname', 127),
('2011', 'Sweden', 1112),
('2011', 'Switzerland', 1034),
('2011', 'Thailand', 3873),
('2012', 'Austria', 1276),
('2011', 'Trinidad and Tobago', 139),
('2012', 'Bahamas', 5),
('2011', 'Turkey', 1148),
('2012', 'Bahrain', 19),
('2011', 'Turkmenistan', 130),
('2012', 'Barbados', 0),
('2011', 'Ukraine', 8973),
('2012', 'Georgia', 104),
('2012', 'Belgium', 2026),
('2011', 'United Kingdom', 4393),
('2012', 'Germany', 9896),
('2012', 'Croatia', 776),
('2011', 'United States', 39508),
('2012', 'Belize', 18),
('2012', 'Greece', 508),
('2012', 'Cuba', 1495),
('2012', 'Brazil', 10295),
('2012', 'Cyprus', 36),
('2012', 'Grenada', 2),
('2012', 'Bulgaria', 872),
('2012', 'Kazakhstan', 3240),
('2012', 'Czech Republic', 1658),
('2012', 'Guatemala', 420),
('2012', 'Canada', 3926),
('2012', 'Kuwait', 56),
('2012', 'Denmark', 661),
('2012', 'Guyana', 206),
('2011', 'Uzbekistan', 1640),
('2012', 'Ecuador', 976),
('2012', 'Kyrgyzstan', 524),
('2012', 'Chile', 1841),
('2012', 'Colombia', 2119),
('2012', 'Latvia', 444),
('2012', 'Hungary', 2349),
('2012', 'Antigua and Barbuda', 0),
('2012', 'El Salvador', 512),
('2012', 'Norway', 515),
('2012', 'Lithuania', 927),
('2012', 'Costa Rica', 302),
('2012', 'Iceland', 37),
('2012', 'Argentina', 3248),
('2012', 'Luxembourg', 51),
('2012', 'Estonia', 237),
('2012', 'Saint Vincent and Grenadines', 10),
('2012', 'Panama', 135),
('2012', 'Ireland', 542),
('2012', 'Armenia', 79),
('2012', 'Malta', 25),
('2012', 'Fiji', 32),
('2012', 'Paraguay', 275),
('2012', 'Serbia', 1243),
('2012', 'Israel', 430),
('2012', 'Australia', 2580),
('2012', 'Turkey', 1450),
('2012', 'Mauritius', 115),
('2013', 'Austria', 1291),
('2012', 'Italy', 4257),
('2012', 'Turkmenistan', 138),
('2012', 'Poland', 6368),
('2012', 'Finland', 873),
('2013', 'Kazakhstan', 3512),
('2012', 'Seychelles', 3),
('2012', 'Mexico', 5381),
('2013', 'Costa Rica', 311),
('2013', 'Bahamas', 5),
('2012', 'Japan', 26338),
('2012', 'Netherlands', 1756),
('2012', 'Portugal', 1076),
('2013', 'Kuwait', 41),
('2012', 'Ukraine', 9058),
('2012', 'Singapore', 392),
('2012', 'France', 9743),
('2013', 'Croatia', 692),
('2013', 'Kyrgyzstan', 446),
('2012', 'United Kingdom', 4444),
('2013', 'Bahrain', 5),
('2012', 'New Zealand', 549),
('2012', 'Slovakia', 571),
('2013', 'Germany', 10091),
('2012', 'Puerto Rico', 248),
('2013', 'Cuba', 1499),
('2013', 'Norway', 554),
('2012', 'United States', 40596),
('2013', 'Latvia', 383),
('2012', 'Slovenia', 440),
('2013', 'Greece', 533),
('2013', 'Barbados', 0),
('2012', 'Nicaragua', 316),
('2013', 'Saint Vincent and Grenadines', 0),
('2012', 'South Africa', 487),
('2013', 'Grenada', 0),
('2012', 'Uruguay', 599),
('2013', 'Lithuania', 1085),
('2012', 'Qatar', 43),
('2013', 'Cyprus', 45),
('2013', 'Panama', 130),
('2013', 'Belarus', 1902),
('2013', 'Serbia', 1197),
('2012', 'Uzbekistan', 1835),
('2013', 'Luxembourg', 40),
('2013', 'Guatemala', 455),
('2012', 'Spain', 3539),
('2012', 'Republic of Korea', 14159),
('2013', 'Czech Republic', 1577),
('2013', 'Paraguay', 323),
('2013', 'Belgium', 1895),
('2013', 'Malta', 22),
('2013', 'Antigua and Barbuda', 0),
('2013', 'Guyana', 210),
('2013', 'Seychelles', 9),
('2012', 'Suriname', 133),
('2012', 'Romania', 2495),
('2013', 'Denmark', 610),
('2013', 'Poland', 6218),
('2013', 'Belize', 17),
('2013', 'Hungary', 2092),
('2013', 'Argentina', 2987),
('2013', 'Mauritius', 98),
('2013', 'Singapore', 357),
('2012', 'Sweden', 1154),
('2012', 'Russian Federation', 29643),
('2013', 'Ecuador', 676),
('2013', 'Portugal', 1052),
('2013', 'Brazil', 10513),
('2013', 'Armenia', 67),
('2013', 'Mexico', 5711),
('2013', 'Slovakia', 616),
('2012', 'Saint Lucia', 10),
('2013', 'El Salvador', 484),
('2013', 'Puerto Rico', 241),
('2013', 'Bulgaria', 721),
('2013', 'Australia', 2608),
('2013', 'Netherlands', 1856),
('2013', 'Slovenia', 446),
('2013', 'Estonia', 218),
('2013', 'Qatar', 37),
('2013', 'Canada', 4054),
('2013', 'New Zealand', 513),
('2013', 'South Africa', 587),
('2013', 'Finland', 887),
('2013', 'Chile', 1738),
('2013', 'Republic of Korea', 14426),
('2013', 'Spain', 3873),
('2013', 'France', 9600),
('2013', 'Colombia', 2068),
('2013', 'Romania', 2407),
('2013', 'Suriname', 131),
('2013', 'Nicaragua', 351),
('2013', 'Georgia', 157),
('2012', 'Switzerland', 1038),
('2013', 'Iceland', 49),
('2013', 'Sweden', 1230),
('2013', 'Switzerland', 1071),
('2013', 'Ireland', 487),
('2012', 'Thailand', 3985),
('2013', 'Thailand', 3961),
('2013', 'Turkey', 1810),
('2013', 'Israel', 372),
('2013', 'Russian Federation', 28690),
('2013', 'Turkmenistan', 101),
('2013', 'Italy', 4290),
('2013', 'United Kingdom', 4824),
('2013', 'Japan', 25991),
('2013', 'United States', 41143),
('2013', 'Uruguay', 546),
('2013', 'Uzbekistan', 1950),
('2014', 'Antigua and Barbuda', 0),
('2013', 'Saint Lucia', 14),
('2014', 'Argentina', 3231),
('2014', 'Cyprus', 44),
('2014', 'Armenia', 58),
('2014', 'Australia', 2891),
('2014', 'Belarus', 1741),
('2014', 'Austria', 1314),
('2014', 'Belgium', 1899),
('2014', 'Bahrain', 9),
('2014', 'Belize', 24),
('2014', 'Bosnia and Herzegovina', 313),
('2014', 'Czech Republic', 1489),
('2014', 'Brazil', 10631),
('2014', 'Denmark', 629),
('2014', 'Bulgaria', 724),
('2014', 'Guatemala', 512),
('2014', 'Lithuania', 930),
('2014', 'Hungary', 1925),
('2014', 'Chile', 1789),
('2014', 'Ecuador', 734),
('2014', 'Iceland', 44),
('2014', 'Luxembourg', 67),
('2014', 'Colombia', 2126),
('2014', 'Malta', 32),
('2014', 'El Salvador', 386),
('2014', 'Ireland', 486),
('2014', 'Mauritius', 120),
('2014', 'Estonia', 241),
('2014', 'Costa Rica', 268),
('2014', 'Israel', 382),
('2014', 'Mexico', 6178),
('2014', 'Italy', 4147),
('2014', 'Croatia', 722),
('2014', 'Netherlands', 1839),
('2014', 'Japan', 24357),
('2014', 'Finland', 789),
('2014', 'Nicaragua', 311),
('2014', 'France', 8881),
('2014', 'Kazakhstan', 3119),
('2014', 'Norway', 548),
('2014', 'Georgia', 194),
('2014', 'Kuwait', 68),
('2014', 'Oman', 7),
('2014', 'Germany', 10217),
('2014', 'Panama', 147),
('2014', 'Greece', 565),
('2014', 'Kyrgyzstan', 461),
('2014', 'Portugal', 1222),
('2014', 'Grenada', 0),
('2014', 'Paraguay', 379),
('2014', 'Latvia', 382),
('2014', 'Puerto Rico', 220),
('2014', 'Poland', 5934),
('2014', 'Qatar', 55),
('2014', 'Republic of Korea', 13834),
('2014', 'Cuba', 1453),
('2014', 'Romania', 2209),
('2014', 'Russian Federation', 26541),
('2014', 'United States', 42769),
('2014', 'Saint Lucia', 14),
('2014', 'Saint Vincent and Grenadines', 2),
('2014', 'Uruguay', 591),
('2015', 'Greece', 529),
('2014', 'Uzbekistan', 2095),
('2014', 'Serbia', 1134),
('2015', 'Grenada', 0),
('2015', 'Thailand', 4205),
('2015', 'Romania', 2228),
('2015', 'Colombia', 2332),
('2016', 'Grenada', 0),
('2014', 'Seychelles', 4),
('2015', 'Antigua and Barbuda', 1),
('2015', 'Guatemala', 494),
('2015', 'Croatia', 739),
('2015', 'Russian Federation', 25432),
('2015', 'Turkey', 1532),
('2016', 'Hungary', 1761),
('2014', 'Singapore', 355),
('2015', 'Cuba', 1511),
('2015', 'Saint Vincent and Grenadines', 3),
('2015', 'Argentina', 3073),
('2015', 'Hungary', 1868),
('2015', 'Turkmenistan', 133),
('2014', 'Slovakia', 554),
('2016', 'Iceland', 40),
('2015', 'Cyprus', 40),
('2015', 'Serbia', 1062),
('2015', 'Ukraine', 7574),
('2015', 'Iceland', 40),
('2015', 'Armenia', 74),
('2014', 'Slovenia', 388),
('2015', 'Seychelles', 7),
('2015', 'United Kingdom', 4910),
('2015', 'Israel', 342),
('2014', 'South Africa', 580),
('2015', 'Singapore', 329),
('2015', 'United States', 44189),
('2015', 'Italy', 3988),
('2014', 'Spain', 3911),
('2015', 'Slovenia', 422),
('2015', 'Uruguay', 630),
('2015', 'Japan', 23092),
('2014', 'Suriname', 128),
('2015', 'South Africa', 482),
('2016', 'Armenia', 67),
('2015', 'Kazakhstan', 2872),
('2014', 'Sweden', 1148),
('2015', 'Australia', 3027),
('2016', 'Lithuania', 822),
('2015', 'Czech Republic', 1387),
('2016', 'Austria', 1201),
('2015', 'Denmark', 564),
('2014', 'Switzerland', 1032),
('2015', 'Kyrgyzstan', 417),
('2015', 'Spain', 3604),
('2015', 'Austria', 1251),
('2016', 'Mauritius', 98),
('2016', 'Croatia', 683),
('2015', 'Ecuador', 1073),
('2014', 'Thailand', 3952),
('2015', 'Sweden', 1182),
('2015', 'Latvia', 387),
('2016', 'Mongolia', 423),
('2015', 'Belgium', 1867),
('2015', 'Luxembourg', 64),
('2016', 'Cyprus', 36),
('2014', 'Turkey', 1617),
('2015', 'Switzerland', 1073),
('2015', 'Lithuania', 896),
('2016', 'Czech Republic', 1318),
('2015', 'Malta', 34),
('2015', 'Estonia', 195),
('2015', 'Belize', 26),
('2016', 'Netherlands', 1886),
('2015', 'Finland', 731),
('2015', 'Brazil', 11163),
('2015', 'Mauritius', 104),
('2014', 'Turkmenistan', 136),
('2016', 'Qatar', 68),
('2015', 'Georgia', 192),
('2015', 'Chile', 1838),
('2015', 'Mexico', 6234),
('2014', 'Ukraine', 7968),
('2016', 'Romania', 1953),
('2015', 'Germany', 10088),
('2015', 'Netherlands', 1873),
('2014', 'United Kingdom', 4788),
('2016', 'Sweden', 1130),
('2015', 'Nicaragua', 315),
('2016', 'Thailand', 4117),
('2015', 'Norway', 590),
('2015', 'Panama', 110),
('2015', 'Poland', 5420),
('2015', 'Puerto Rico', 226),
('2015', 'Qatar', 66),
('2015', 'Republic of Korea', 13510);

-- --------------------------------------------------------

--
-- 表的结构 `year_per_female_depressed`
--

CREATE TABLE `year_per_female_depressed` (
  `year` text CHARACTER SET utf8mb4 COLLATE utf8mb4_general_ci,
  `total_depressed` double DEFAULT NULL
) ENGINE=InnoDB DEFAULT CHARSET=utf8mb4 COLLATE=utf8mb4_general_ci;

--
-- 转存表中的数据 `year_per_female_depressed`
--

INSERT INTO `year_per_female_depressed` (`year`, `total_depressed`) VALUES
('2015', 47248),
('2016', 3504),
('2011', 54616),
('2009', 54920),
('2012', 53011),
('2010', 54222),
('2013', 51459),
('2014', 51556),
('2007', 53324),
('2004', 53232),
('2006', 52039),
('2005', 52035),
('2008', 53973),
('2002', 55549),
('2003', 55627),
('2001', 52999),
('1997', 54126),
('1995', 54504),
('1998', 55631),
('1999', 56215),
('1994', 51532),
('2000', 55254),
('1996', 54583),
('1993', 51331),
('1987', 35006),
('1986', 33852),
('1991', 49622),
('1989', 41361),
('1992', 51567),
('1985', 32479),
('1990', 50118),
('1988', 33015);

-- --------------------------------------------------------

--
-- 表的结构 `year_per_male_depressed`
--

CREATE TABLE `year_per_male_depressed` (
  `year` text CHARACTER SET utf8mb4 COLLATE utf8mb4_general_ci,
  `total_depressed` double DEFAULT NULL
) ENGINE=InnoDB DEFAULT CHARSET=utf8mb4 COLLATE=utf8mb4_general_ci;

--
-- 转存表中的数据 `year_per_male_depressed`
--

INSERT INTO `year_per_male_depressed` (`year`, `total_depressed`) VALUES
('2010', 184480),
('2013', 171740),
('2009', 188567),
('2015', 156392),
('2014', 171428),
('2011', 181868),
('2016', 12099),
('2012', 177149),
('2008', 181474),
('2001', 197653),
('2002', 200546),
('2007', 180084),
('2005', 182340),
('2004', 187629),
('2003', 200452),
('2006', 181322),
('1999', 199904),
('1998', 193960),
('1997', 186619),
('1996', 192142),
('2000', 200578),
('1993', 170234),
('1994', 180531),
('1992', 159906),
('1990', 143243),
('1991', 148398),
('1988', 88011),
('1989', 118883),
('1987', 91836),
('1986', 86818),
('1995', 189040),
('1985', 83584);
COMMIT;

/*!40101 SET CHARACTER_SET_CLIENT=@OLD_CHARACTER_SET_CLIENT */;
/*!40101 SET CHARACTER_SET_RESULTS=@OLD_CHARACTER_SET_RESULTS */;
/*!40101 SET COLLATION_CONNECTION=@OLD_COLLATION_CONNECTION */;
